Year,Country,Area,CatchCategory,CATONRaisedOrImported,SeasonType,Season,Fleet,ReportingCategory,MisreportedArea,Caton,OfficialLandings,Usage,Effort,UnitEffort
2000,France,27.7.d,Landings,Imported_Data,Quarter,1,DRB,"All - reported, nonreported and misreported",,48.88,,,,
2000,France,27.7.d,Landings,Imported_Data,Quarter,2,DRB,"All - reported, nonreported and misreported",,13.52,,,,
2000,France,27.7.d,Landings,Imported_Data,Quarter,4,GND,"All - reported, nonreported and misreported",,596.7,,,,
2000,France,27.7.d,Landings,Imported_Data,Quarter,4,GNS,"All - reported, nonreported and misreported",,464.1,,,,
2000,France,27.7.d,Landings,Imported_Data,Quarter,4,GTR,"All - reported, nonreported and misreported",,239.2,,,,
2000,France,27.7.d,Landings,Imported_Data,Quarter,2,MIS,"All - reported, nonreported and misreported",,15.6,,,,
2000,France,27.7.d,Landings,Imported_Data,Quarter,1,OTB,"All - reported, nonreported and misreported",,239259.04,,,,
2000,France,27.7.d,Landings,Imported_Data,Quarter,2,OTB,"All - reported, nonreported and misreported",,54999.08,,,,
2000,France,27.7.d,Landings,Imported_Data,Quarter,3,OTB,"All - reported, nonreported and misreported",,7240.42,,,,
2000,France,27.7.d,Landings,Imported_Data,Quarter,4,OTB,"All - reported, nonreported and misreported",,1896.23,,,,
2000,France,27.7.d,Landings,Imported_Data,Quarter,1,OTM,"All - reported, nonreported and misreported",,1138285.06,,,,
2000,France,27.7.d,Landings,Imported_Data,Quarter,2,OTM,"All - reported, nonreported and misreported",,1882540.19,,,,
2000,France,27.7.d,Landings,Imported_Data,Quarter,3,OTM,"All - reported, nonreported and misreported",,527130.88,,,,
2000,France,27.7.d,Landings,Imported_Data,Quarter,4,OTM,"All - reported, nonreported and misreported",,637957.81,,,,
2000,France,27.7.d,Landings,Imported_Data,Quarter,2,PTM,"All - reported, nonreported and misreported",,1410.76,,,,
2000,France,27.7.d,Landings,Imported_Data,Quarter,3,PTM,"All - reported, nonreported and misreported",,112.32,,,,
2000,France,27.7.d,Landings,Imported_Data,Quarter,4,PTM,"All - reported, nonreported and misreported",,4057.04,,,,
2000,France,27.7.d,Landings,Imported_Data,Quarter,2,TBB,"All - reported, nonreported and misreported",,53.49,,,,
2000,France,27.7.d,Landings,Imported_Data,Quarter,4,TBB,"All - reported, nonreported and misreported",,18.72,,,,
2000,France,27.7.e,Landings,Imported_Data,Quarter,2,DRB,"All - reported, nonreported and misreported",,49.51,,,,
2000,France,27.7.e,Landings,Imported_Data,Quarter,3,DRB,"All - reported, nonreported and misreported",,15.18,,,,
2000,France,27.7.e,Landings,Imported_Data,Quarter,4,GNS,"All - reported, nonreported and misreported",,4.37,,,,
2000,France,27.7.e,Landings,Imported_Data,Quarter,1,MIS,"All - reported, nonreported and misreported",,446.58,,,,
2000,France,27.7.e,Landings,Imported_Data,Quarter,2,MIS,"All - reported, nonreported and misreported",,662.38,,,,
2000,France,27.7.e,Landings,Imported_Data,Quarter,3,MIS,"All - reported, nonreported and misreported",,1021.07,,,,
2000,France,27.7.e,Landings,Imported_Data,Quarter,4,MIS,"All - reported, nonreported and misreported",,287.24,,,,
2000,France,27.7.e,Landings,Imported_Data,Quarter,1,OTB,"All - reported, nonreported and misreported",,31.72,,,,
2000,France,27.7.e,Landings,Imported_Data,Quarter,2,OTB,"All - reported, nonreported and misreported",,994.01,,,,
2000,France,27.7.e,Landings,Imported_Data,Quarter,3,OTB,"All - reported, nonreported and misreported",,1692.99,,,,
2000,France,27.7.e,Landings,Imported_Data,Quarter,4,OTB,"All - reported, nonreported and misreported",,58.24,,,,
2000,France,27.7.e,Landings,Imported_Data,Quarter,3,OTM,"All - reported, nonreported and misreported",,96614.98,,,,
2000,France,27.7.e,Landings,Imported_Data,Quarter,4,OTM,"All - reported, nonreported and misreported",,85349.99,,,,
2000,France,27.7.e,Landings,Imported_Data,Quarter,2,PTM,"All - reported, nonreported and misreported",,408.2,,,,
2000,France,27.7.e,Landings,Imported_Data,Quarter,2,TBB,"All - reported, nonreported and misreported",,0.52,,,,
2000,France,27.7.e,Landings,Imported_Data,Quarter,2,TX,"All - reported, nonreported and misreported",,129.08,,,,
2001,France,27.7.d,Landings,Imported_Data,Quarter,1,DRB,"All - reported, nonreported and misreported",,5.72,,,,
2001,France,27.7.d,Landings,Imported_Data,Quarter,2,DRB,"All - reported, nonreported and misreported",,8.32,,,,
2001,France,27.7.d,Landings,Imported_Data,Quarter,4,DRB,"All - reported, nonreported and misreported",,105.04,,,,
2001,France,27.7.d,Landings,Imported_Data,Quarter,1,OTB,"All - reported, nonreported and misreported",,41803.93,,,,
2001,France,27.7.d,Landings,Imported_Data,Quarter,2,OTB,"All - reported, nonreported and misreported",,32846.7,,,,
2001,France,27.7.d,Landings,Imported_Data,Quarter,3,OTB,"All - reported, nonreported and misreported",,8415.23,,,,
2001,France,27.7.d,Landings,Imported_Data,Quarter,4,OTB,"All - reported, nonreported and misreported",,12414.69,,,,
2001,France,27.7.d,Landings,Imported_Data,Quarter,1,OTM,"All - reported, nonreported and misreported",,3885003.45,,,,
2001,France,27.7.d,Landings,Imported_Data,Quarter,2,OTM,"All - reported, nonreported and misreported",,2274375.63,,,,
2001,France,27.7.d,Landings,Imported_Data,Quarter,3,OTM,"All - reported, nonreported and misreported",,851417.81,,,,
2001,France,27.7.d,Landings,Imported_Data,Quarter,4,OTM,"All - reported, nonreported and misreported",,1395220.74,,,,
2001,France,27.7.d,Landings,Imported_Data,Quarter,4,PTM,"All - reported, nonreported and misreported",,103.17,,,,
2001,France,27.7.d,Landings,Imported_Data,Quarter,2,TBB,"All - reported, nonreported and misreported",,29.5,,,,
2001,France,27.7.e,Landings,Imported_Data,Quarter,1,DRB,"All - reported, nonreported and misreported",,14.97,,,,
2001,France,27.7.e,Landings,Imported_Data,Quarter,2,DRB,"All - reported, nonreported and misreported",,154.96,,,,
2001,France,27.7.e,Landings,Imported_Data,Quarter,3,DRB,"All - reported, nonreported and misreported",,270.14,,,,
2001,France,27.7.e,Landings,Imported_Data,Quarter,4,DRB,"All - reported, nonreported and misreported",,423.17,,,,
2001,France,27.7.e,Landings,Imported_Data,Quarter,2,FPO,"All - reported, nonreported and misreported",,11.44,,,,
2001,France,27.7.e,Landings,Imported_Data,Quarter,4,FPO,"All - reported, nonreported and misreported",,9.16,,,,
2001,France,27.7.e,Landings,Imported_Data,Quarter,1,GES,"All - reported, nonreported and misreported",,0.62,,,,
2001,France,27.7.e,Landings,Imported_Data,Quarter,3,GN,"All - reported, nonreported and misreported",,117.62,,,,
2001,France,27.7.e,Landings,Imported_Data,Quarter,1,GNS,"All - reported, nonreported and misreported",,252.72,,,,
2001,France,27.7.e,Landings,Imported_Data,Quarter,1,GTR,"All - reported, nonreported and misreported",,1.36,,,,
2001,France,27.7.e,Landings,Imported_Data,Quarter,2,LLS,"All - reported, nonreported and misreported",,6.14,,,,
2001,France,27.7.e,Landings,Imported_Data,Quarter,3,LLS,"All - reported, nonreported and misreported",,9.05,,,,
2001,France,27.7.e,Landings,Imported_Data,Quarter,2,LTL,"All - reported, nonreported and misreported",,4.58,,,,
2001,France,27.7.e,Landings,Imported_Data,Quarter,1,MIS,"All - reported, nonreported and misreported",,497.73,,,,
2001,France,27.7.e,Landings,Imported_Data,Quarter,2,MIS,"All - reported, nonreported and misreported",,52.22,,,,
2001,France,27.7.e,Landings,Imported_Data,Quarter,4,MIS,"All - reported, nonreported and misreported",,4.89,,,,
2001,France,27.7.e,Landings,Imported_Data,Quarter,1,OTB,"All - reported, nonreported and misreported",,200.27,,,,
2001,France,27.7.e,Landings,Imported_Data,Quarter,2,OTB,"All - reported, nonreported and misreported",,1861.02,,,,
2001,France,27.7.e,Landings,Imported_Data,Quarter,3,OTB,"All - reported, nonreported and misreported",,1307.01,,,,
2001,France,27.7.e,Landings,Imported_Data,Quarter,4,OTB,"All - reported, nonreported and misreported",,917.77,,,,
2001,France,27.7.e,Landings,Imported_Data,Quarter,3,OTM,"All - reported, nonreported and misreported",,9009,,,,
2001,France,27.7.e,Landings,Imported_Data,Quarter,4,OTM,"All - reported, nonreported and misreported",,199795.74,,,,
2001,France,27.7.e,Landings,Imported_Data,Quarter,2,OTT,"All - reported, nonreported and misreported",,43.94,,,,
2001,France,27.7.e,Landings,Imported_Data,Quarter,3,OTT,"All - reported, nonreported and misreported",,28.74,,,,
2001,France,27.7.e,Landings,Imported_Data,Quarter,4,OTT,"All - reported, nonreported and misreported",,866.67,,,,
2001,France,27.7.e,Landings,Imported_Data,Quarter,2,PTB,"All - reported, nonreported and misreported",,16.12,,,,
2001,France,27.7.e,Landings,Imported_Data,Quarter,3,PTB,"All - reported, nonreported and misreported",,1.56,,,,
2001,France,27.7.e,Landings,Imported_Data,Quarter,2,PTM,"All - reported, nonreported and misreported",,34.28,,,,
2001,France,27.7.e,Landings,Imported_Data,Quarter,4,PTM,"All - reported, nonreported and misreported",,263.28,,,,
2002,France,27.7.d,Landings,Imported_Data,Quarter,1,DRB,"All - reported, nonreported and misreported",,141.96,,,,
2002,France,27.7.d,Landings,Imported_Data,Quarter,2,DRB,"All - reported, nonreported and misreported",,3372.54,,,,
2002,France,27.7.d,Landings,Imported_Data,Quarter,3,DRB,"All - reported, nonreported and misreported",,5.54,,,,
2002,France,27.7.d,Landings,Imported_Data,Quarter,4,DRB,"All - reported, nonreported and misreported",,8.32,,,,
2002,France,27.7.d,Landings,Imported_Data,Quarter,2,FPO,"All - reported, nonreported and misreported",,364,,,,
2002,France,27.7.d,Landings,Imported_Data,Quarter,2,GN,"All - reported, nonreported and misreported",,8110.08,,,,
2002,France,27.7.d,Landings,Imported_Data,Quarter,1,OTB,"All - reported, nonreported and misreported",,18655.35,,,,
2002,France,27.7.d,Landings,Imported_Data,Quarter,2,OTB,"All - reported, nonreported and misreported",,32117.64,,,,
2002,France,27.7.d,Landings,Imported_Data,Quarter,3,OTB,"All - reported, nonreported and misreported",,5372.01,,,,
2002,France,27.7.d,Landings,Imported_Data,Quarter,4,OTB,"All - reported, nonreported and misreported",,62830.5,,,,
2002,France,27.7.d,Landings,Imported_Data,Quarter,1,OTM,"All - reported, nonreported and misreported",,2765373.08,,,,
2002,France,27.7.d,Landings,Imported_Data,Quarter,2,OTM,"All - reported, nonreported and misreported",,2864413.13,,,,
2002,France,27.7.d,Landings,Imported_Data,Quarter,3,OTM,"All - reported, nonreported and misreported",,1243515.42,,,,
2002,France,27.7.d,Landings,Imported_Data,Quarter,4,OTM,"All - reported, nonreported and misreported",,766640.44,,,,
2002,France,27.7.d,Landings,Imported_Data,Quarter,4,PTM,"All - reported, nonreported and misreported",,1973.16,,,,
2002,France,27.7.d,Landings,Imported_Data,Quarter,2,TBB,"All - reported, nonreported and misreported",,15.92,,,,
2002,France,27.7.e,Landings,Imported_Data,Quarter,1,DRB,"All - reported, nonreported and misreported",,448.95,,,,
2002,France,27.7.e,Landings,Imported_Data,Quarter,2,DRB,"All - reported, nonreported and misreported",,201.53,,,,
2002,France,27.7.e,Landings,Imported_Data,Quarter,3,DRB,"All - reported, nonreported and misreported",,79.42,,,,
2002,France,27.7.e,Landings,Imported_Data,Quarter,4,DRB,"All - reported, nonreported and misreported",,142.78,,,,
2002,France,27.7.e,Landings,Imported_Data,Quarter,2,GN,"All - reported, nonreported and misreported",,2.08,,,,
2002,France,27.7.e,Landings,Imported_Data,Quarter,1,MIS,"All - reported, nonreported and misreported",,21.03,,,,
2002,France,27.7.e,Landings,Imported_Data,Quarter,2,MIS,"All - reported, nonreported and misreported",,120.32,,,,
2002,France,27.7.e,Landings,Imported_Data,Quarter,1,OTB,"All - reported, nonreported and misreported",,1.88,,,,
2002,France,27.7.e,Landings,Imported_Data,Quarter,2,OTB,"All - reported, nonreported and misreported",,2055.29,,,,
2002,France,27.7.e,Landings,Imported_Data,Quarter,3,OTB,"All - reported, nonreported and misreported",,255.17,,,,
2002,France,27.7.e,Landings,Imported_Data,Quarter,4,OTB,"All - reported, nonreported and misreported",,784.08,,,,
2002,France,27.7.e,Landings,Imported_Data,Quarter,1,OTM,"All - reported, nonreported and misreported",,176284.36,,,,
2002,France,27.7.e,Landings,Imported_Data,Quarter,2,OTM,"All - reported, nonreported and misreported",,220.06,,,,
2002,France,27.7.e,Landings,Imported_Data,Quarter,3,OTM,"All - reported, nonreported and misreported",,13339.59,,,,
2002,France,27.7.e,Landings,Imported_Data,Quarter,4,OTM,"All - reported, nonreported and misreported",,9834.5,,,,
2002,France,27.7.e,Landings,Imported_Data,Quarter,4,PTM,"All - reported, nonreported and misreported",,37.82,,,,
2003,France,27.7.d,Landings,Imported_Data,Quarter,1,DRB,"All - reported, nonreported and misreported",,4001.54,,,,
2003,France,27.7.d,Landings,Imported_Data,Quarter,2,DRB,"All - reported, nonreported and misreported",,59.79,,,,
2003,France,27.7.d,Landings,Imported_Data,Quarter,3,DRB,"All - reported, nonreported and misreported",,130,,,,
2003,France,27.7.d,Landings,Imported_Data,Quarter,1,OTB,"All - reported, nonreported and misreported",,866340.5,,,,
2003,France,27.7.d,Landings,Imported_Data,Quarter,2,OTB,"All - reported, nonreported and misreported",,47795.35,,,,
2003,France,27.7.d,Landings,Imported_Data,Quarter,3,OTB,"All - reported, nonreported and misreported",,12935.23,,,,
2003,France,27.7.d,Landings,Imported_Data,Quarter,4,OTB,"All - reported, nonreported and misreported",,91631.37,,,,
2003,France,27.7.d,Landings,Imported_Data,Quarter,1,OTM,"All - reported, nonreported and misreported",,2826631.12,,,,
2003,France,27.7.d,Landings,Imported_Data,Quarter,2,OTM,"All - reported, nonreported and misreported",,2170049.83,,,,
2003,France,27.7.d,Landings,Imported_Data,Quarter,3,OTM,"All - reported, nonreported and misreported",,1207693.49,,,,
2003,France,27.7.d,Landings,Imported_Data,Quarter,4,OTM,"All - reported, nonreported and misreported",,940695.03,,,,
2003,France,27.7.d,Landings,Imported_Data,Quarter,1,PTM,"All - reported, nonreported and misreported",,656.24,,,,
2003,France,27.7.d,Landings,Imported_Data,Quarter,2,PTM,"All - reported, nonreported and misreported",,58.25,,,,
2003,France,27.7.d,Landings,Imported_Data,Quarter,2,TBB,"All - reported, nonreported and misreported",,1036.52,,,,
2003,France,27.7.d,Landings,Imported_Data,Quarter,3,TBB,"All - reported, nonreported and misreported",,2016.5,,,,
2003,France,27.7.d,Landings,Imported_Data,Quarter,2,TX,"All - reported, nonreported and misreported",,147.62,,,,
2003,France,27.7.e,Landings,Imported_Data,Quarter,1,DRB,"All - reported, nonreported and misreported",,1222.45,,,,
2003,France,27.7.e,Landings,Imported_Data,Quarter,2,DRB,"All - reported, nonreported and misreported",,204.65,,,,
2003,France,27.7.e,Landings,Imported_Data,Quarter,4,DRB,"All - reported, nonreported and misreported",,234.71,,,,
2003,France,27.7.e,Landings,Imported_Data,Quarter,1,GN,"All - reported, nonreported and misreported",,0.2,,,,
2003,France,27.7.e,Landings,Imported_Data,Quarter,2,GN,"All - reported, nonreported and misreported",,0.4,,,,
2003,France,27.7.e,Landings,Imported_Data,Quarter,2,GNS,"All - reported, nonreported and misreported",,0.8,,,,
2003,France,27.7.e,Landings,Imported_Data,Quarter,4,GNS,"All - reported, nonreported and misreported",,20.7,,,,
2003,France,27.7.e,Landings,Imported_Data,Quarter,4,GTR,"All - reported, nonreported and misreported",,35,,,,
2003,France,27.7.e,Landings,Imported_Data,Quarter,1,OTB,"All - reported, nonreported and misreported",,4031.14,,,,
2003,France,27.7.e,Landings,Imported_Data,Quarter,2,OTB,"All - reported, nonreported and misreported",,1730.12,,,,
2003,France,27.7.e,Landings,Imported_Data,Quarter,3,OTB,"All - reported, nonreported and misreported",,2394.21,,,,
2003,France,27.7.e,Landings,Imported_Data,Quarter,4,OTB,"All - reported, nonreported and misreported",,2571.14,,,,
2003,France,27.7.e,Landings,Imported_Data,Quarter,2,OTM,"All - reported, nonreported and misreported",,956.8,,,,
2003,France,27.7.e,Landings,Imported_Data,Quarter,1,PTM,"All - reported, nonreported and misreported",,116.49,,,,
2003,France,27.7.e,Landings,Imported_Data,Quarter,2,PTM,"All - reported, nonreported and misreported",,331.79,,,,
2003,France,27.7.e,Landings,Imported_Data,Quarter,3,PTM,"All - reported, nonreported and misreported",,105.57,,,,
2004,France,27.7.d,Landings,Imported_Data,Quarter,2,DRB,"All - reported, nonreported and misreported",,40,,,,
2004,France,27.7.d,Landings,Imported_Data,Quarter,3,DRB,"All - reported, nonreported and misreported",,17.68,,,,
2004,France,27.7.d,Landings,Imported_Data,Quarter,4,DRB,"All - reported, nonreported and misreported",,26.46,,,,
2004,France,27.7.d,Landings,Imported_Data,Quarter,1,GTR,"All - reported, nonreported and misreported",,6,,,,
2004,France,27.7.d,Landings,Imported_Data,Quarter,1,OTB,"All - reported, nonreported and misreported",,478540.9,,,,
2004,France,27.7.d,Landings,Imported_Data,Quarter,2,OTB,"All - reported, nonreported and misreported",,196221.98,,,,
2004,France,27.7.d,Landings,Imported_Data,Quarter,3,OTB,"All - reported, nonreported and misreported",,2916.45,,,,
2004,France,27.7.d,Landings,Imported_Data,Quarter,4,OTB,"All - reported, nonreported and misreported",,37566.13,,,,
2004,France,27.7.d,Landings,Imported_Data,Quarter,1,OTM,"All - reported, nonreported and misreported",,3263234.78,,,,
2004,France,27.7.d,Landings,Imported_Data,Quarter,2,OTM,"All - reported, nonreported and misreported",,2136211.25,,,,
2004,France,27.7.d,Landings,Imported_Data,Quarter,3,OTM,"All - reported, nonreported and misreported",,811768.32,,,,
2004,France,27.7.d,Landings,Imported_Data,Quarter,4,OTM,"All - reported, nonreported and misreported",,862685.51,,,,
2004,France,27.7.d,Landings,Imported_Data,Quarter,1,PTM,"All - reported, nonreported and misreported",,5.57,,,,
2004,France,27.7.d,Landings,Imported_Data,Quarter,2,PTM,"All - reported, nonreported and misreported",,1716,,,,
2004,France,27.7.d,Landings,Imported_Data,Quarter,3,PTM,"All - reported, nonreported and misreported",,7.8,,,,
2004,France,27.7.d,Landings,Imported_Data,Quarter,2,TBB,"All - reported, nonreported and misreported",,640.43,,,,
2004,France,27.7.d,Landings,Imported_Data,Quarter,3,TBB,"All - reported, nonreported and misreported",,1788.52,,,,
2004,France,27.7.d,Landings,Imported_Data,Quarter,2,TX,"All - reported, nonreported and misreported",,274.58,,,,
2004,France,27.7.d,Landings,Imported_Data,Quarter,3,TX,"All - reported, nonreported and misreported",,114.38,,,,
2004,France,27.7.e,Landings,Imported_Data,Quarter,1,DRB,"All - reported, nonreported and misreported",,239.38,,,,
2004,France,27.7.e,Landings,Imported_Data,Quarter,2,DRB,"All - reported, nonreported and misreported",,349.74,,,,
2004,France,27.7.e,Landings,Imported_Data,Quarter,4,DRB,"All - reported, nonreported and misreported",,7,,,,
2004,France,27.7.e,Landings,Imported_Data,Quarter,1,OTB,"All - reported, nonreported and misreported",,394.94,,,,
2004,France,27.7.e,Landings,Imported_Data,Quarter,2,OTB,"All - reported, nonreported and misreported",,1649.98,,,,
2004,France,27.7.e,Landings,Imported_Data,Quarter,3,OTB,"All - reported, nonreported and misreported",,1059.58,,,,
2004,France,27.7.e,Landings,Imported_Data,Quarter,4,OTB,"All - reported, nonreported and misreported",,455.29,,,,
2004,France,27.7.e,Landings,Imported_Data,Quarter,2,OTM,"All - reported, nonreported and misreported",,42.14,,,,
2004,France,27.7.e,Landings,Imported_Data,Quarter,4,OTM,"All - reported, nonreported and misreported",,8769.78,,,,
2004,France,27.7.e,Landings,Imported_Data,Quarter,2,OTT,"All - reported, nonreported and misreported",,9.36,,,,
2004,France,27.7.e,Landings,Imported_Data,Quarter,1,PTM,"All - reported, nonreported and misreported",,1.38,,,,
2004,France,27.7.e,Landings,Imported_Data,Quarter,4,PTM,"All - reported, nonreported and misreported",,40.66,,,,
2005,France,27.7.d,Landings,Imported_Data,Quarter,1,DRB,"All - reported, nonreported and misreported",,116.48,,,,
2005,France,27.7.d,Landings,Imported_Data,Quarter,2,DRB,"All - reported, nonreported and misreported",,298.46,,,,
2005,France,27.7.d,Landings,Imported_Data,Quarter,3,DRB,"All - reported, nonreported and misreported",,748.88,,,,
2005,France,27.7.d,Landings,Imported_Data,Quarter,4,DRB,"All - reported, nonreported and misreported",,179.98,,,,
2005,France,27.7.d,Landings,Imported_Data,Quarter,3,GTR,"All - reported, nonreported and misreported",,228.58,,,,
2005,France,27.7.d,Landings,Imported_Data,Quarter,4,GTR,"All - reported, nonreported and misreported",,53.25,,,,
2005,France,27.7.d,Landings,Imported_Data,Quarter,1,OTB,"All - reported, nonreported and misreported",,108570.71,,,,
2005,France,27.7.d,Landings,Imported_Data,Quarter,2,OTB,"All - reported, nonreported and misreported",,34550.73,,,,
2005,France,27.7.d,Landings,Imported_Data,Quarter,3,OTB,"All - reported, nonreported and misreported",,123987.15,,,,
2005,France,27.7.d,Landings,Imported_Data,Quarter,4,OTB,"All - reported, nonreported and misreported",,746165.68,,,,
2005,France,27.7.d,Landings,Imported_Data,Quarter,1,OTM,"All - reported, nonreported and misreported",,5044632.38,,,,
2005,France,27.7.d,Landings,Imported_Data,Quarter,2,OTM,"All - reported, nonreported and misreported",,1687448.97,,,,
2005,France,27.7.d,Landings,Imported_Data,Quarter,3,OTM,"All - reported, nonreported and misreported",,1313570.83,,,,
2005,France,27.7.d,Landings,Imported_Data,Quarter,4,OTM,"All - reported, nonreported and misreported",,1494784.45,,,,
2005,France,27.7.d,Landings,Imported_Data,Quarter,1,PTM,"All - reported, nonreported and misreported",,46.8,,,,
2005,France,27.7.d,Landings,Imported_Data,Quarter,2,PTM,"All - reported, nonreported and misreported",,367.23,,,,
2005,France,27.7.d,Landings,Imported_Data,Quarter,3,TBB,"All - reported, nonreported and misreported",,39,,,,
2005,France,27.7.d,Landings,Imported_Data,Quarter,4,TBB,"All - reported, nonreported and misreported",,47.84,,,,
2005,France,27.7.d,Landings,Imported_Data,Quarter,1,TX,"All - reported, nonreported and misreported",,158,,,,
2005,France,27.7.d,Landings,Imported_Data,Quarter,2,TX,"All - reported, nonreported and misreported",,508.32,,,,
2005,France,27.7.d,Landings,Imported_Data,Quarter,3,TX,"All - reported, nonreported and misreported",,5687.09,,,,
2005,France,27.7.d,Landings,Imported_Data,Quarter,4,TX,"All - reported, nonreported and misreported",,4447.96,,,,
2005,France,27.7.e,Landings,Imported_Data,Quarter,1,DRB,"All - reported, nonreported and misreported",,67.84,,,,
2005,France,27.7.e,Landings,Imported_Data,Quarter,2,DRB,"All - reported, nonreported and misreported",,603.85,,,,
2005,France,27.7.e,Landings,Imported_Data,Quarter,3,DRB,"All - reported, nonreported and misreported",,97.36,,,,
2005,France,27.7.e,Landings,Imported_Data,Quarter,4,DRB,"All - reported, nonreported and misreported",,43.46,,,,
2005,France,27.7.e,Landings,Imported_Data,Quarter,1,OTB,"All - reported, nonreported and misreported",,291.54,,,,
2005,France,27.7.e,Landings,Imported_Data,Quarter,2,OTB,"All - reported, nonreported and misreported",,404.48,,,,
2005,France,27.7.e,Landings,Imported_Data,Quarter,3,OTB,"All - reported, nonreported and misreported",,1278.67,,,,
2005,France,27.7.e,Landings,Imported_Data,Quarter,4,OTB,"All - reported, nonreported and misreported",,971.74,,,,
2005,France,27.7.e,Landings,Imported_Data,Quarter,1,OTM,"All - reported, nonreported and misreported",,23161.16,,,,
2005,France,27.7.e,Landings,Imported_Data,Quarter,2,OTM,"All - reported, nonreported and misreported",,35.88,,,,
2005,France,27.7.e,Landings,Imported_Data,Quarter,4,OTM,"All - reported, nonreported and misreported",,11562,,,,
2005,France,27.7.e,Landings,Imported_Data,Quarter,2,PTM,"All - reported, nonreported and misreported",,8.75,,,,
2005,France,27.7.e,Landings,Imported_Data,Quarter,4,PTM,"All - reported, nonreported and misreported",,6.77,,,,
2006,France,27.7.d,Landings,Imported_Data,Quarter,1,DRB,"All - reported, nonreported and misreported",,1433.48,,,,
2006,France,27.7.d,Landings,Imported_Data,Quarter,2,DRB,"All - reported, nonreported and misreported",,26,,,,
2006,France,27.7.d,Landings,Imported_Data,Quarter,1,OTB,"All - reported, nonreported and misreported",,720761.51,,,,
2006,France,27.7.d,Landings,Imported_Data,Quarter,2,OTB,"All - reported, nonreported and misreported",,89441.95,,,,
2006,France,27.7.d,Landings,Imported_Data,Quarter,3,OTB,"All - reported, nonreported and misreported",,7705.09,,,,
2006,France,27.7.d,Landings,Imported_Data,Quarter,4,OTB,"All - reported, nonreported and misreported",,382213.43,,,,
2006,France,27.7.d,Landings,Imported_Data,Quarter,1,OTM,"All - reported, nonreported and misreported",,5644836.33,,,,
2006,France,27.7.d,Landings,Imported_Data,Quarter,2,OTM,"All - reported, nonreported and misreported",,2157586.47,,,,
2006,France,27.7.d,Landings,Imported_Data,Quarter,3,OTM,"All - reported, nonreported and misreported",,888961.49,,,,
2006,France,27.7.d,Landings,Imported_Data,Quarter,4,OTM,"All - reported, nonreported and misreported",,1160963.59,,,,
2006,France,27.7.d,Landings,Imported_Data,Quarter,2,PTM,"All - reported, nonreported and misreported",,35870.49,,,,
2006,France,27.7.d,Landings,Imported_Data,Quarter,3,PTM,"All - reported, nonreported and misreported",,61.57,,,,
2006,France,27.7.d,Landings,Imported_Data,Quarter,2,TBB,"All - reported, nonreported and misreported",,342.48,,,,
2006,France,27.7.d,Landings,Imported_Data,Quarter,3,TBB,"All - reported, nonreported and misreported",,444.08,,,,
2006,France,27.7.d,Landings,Imported_Data,Quarter,4,TBB,"All - reported, nonreported and misreported",,25,,,,
2006,France,27.7.d,Landings,Imported_Data,Quarter,2,TX,"All - reported, nonreported and misreported",,13,,,,
2006,France,27.7.d,Landings,Imported_Data,Quarter,4,TX,"All - reported, nonreported and misreported",,1389.81,,,,
2006,France,27.7.e,Landings,Imported_Data,Quarter,1,DRB,"All - reported, nonreported and misreported",,3.54,,,,
2006,France,27.7.e,Landings,Imported_Data,Quarter,2,DRB,"All - reported, nonreported and misreported",,210.66,,,,
2006,France,27.7.e,Landings,Imported_Data,Quarter,3,DRB,"All - reported, nonreported and misreported",,4.58,,,,
2006,France,27.7.e,Landings,Imported_Data,Quarter,2,LHP,"All - reported, nonreported and misreported",,0.9,,,,
2006,France,27.7.e,Landings,Imported_Data,Quarter,2,LLS,"All - reported, nonreported and misreported",,1.82,,,,
2006,France,27.7.e,Landings,Imported_Data,Quarter,1,OTB,"All - reported, nonreported and misreported",,17.99,,,,
2006,France,27.7.e,Landings,Imported_Data,Quarter,2,OTB,"All - reported, nonreported and misreported",,1553.45,,,,
2006,France,27.7.e,Landings,Imported_Data,Quarter,3,OTB,"All - reported, nonreported and misreported",,866.89,,,,
2006,France,27.7.e,Landings,Imported_Data,Quarter,4,OTB,"All - reported, nonreported and misreported",,105.96,,,,
2006,France,27.7.e,Landings,Imported_Data,Quarter,3,OTM,"All - reported, nonreported and misreported",,9121.5,,,,
2006,France,27.7.e,Landings,Imported_Data,Quarter,4,OTM,"All - reported, nonreported and misreported",,14668.86,,,,
2006,France,27.7.e,Landings,Imported_Data,Quarter,2,PTM,"All - reported, nonreported and misreported",,252.32,,,,
2006,France,27.7.e,Landings,Imported_Data,Quarter,3,PTM,"All - reported, nonreported and misreported",,37.44,,,,
2006,France,27.7.e,Landings,Imported_Data,Quarter,4,PTM,"All - reported, nonreported and misreported",,813.93,,,,
2007,France,27.7.d,Landings,Imported_Data,Quarter,1,DRB,"All - reported, nonreported and misreported",,598.52,,,,
2007,France,27.7.d,Landings,Imported_Data,Quarter,3,DRB,"All - reported, nonreported and misreported",,6.13,,,,
2007,France,27.7.d,Landings,Imported_Data,Quarter,2,FPO,"All - reported, nonreported and misreported",,6.12,,,,
2007,France,27.7.d,Landings,Imported_Data,Quarter,2,GEN,"All - reported, nonreported and misreported",,35,,,,
2007,France,27.7.d,Landings,Imported_Data,Quarter,2,GES,"All - reported, nonreported and misreported",,19.76,,,,
2007,France,27.7.d,Landings,Imported_Data,Quarter,4,GES,"All - reported, nonreported and misreported",,6272,,,,
2007,France,27.7.d,Landings,Imported_Data,Quarter,1,GTR,"All - reported, nonreported and misreported",,2.08,,,,
2007,France,27.7.d,Landings,Imported_Data,Quarter,2,GTR,"All - reported, nonreported and misreported",,11.56,,,,
2007,France,27.7.d,Landings,Imported_Data,Quarter,3,GTR,"All - reported, nonreported and misreported",,30.6,,,,
2007,France,27.7.d,Landings,Imported_Data,Quarter,1,OTB,"All - reported, nonreported and misreported",,445045.31,,,,
2007,France,27.7.d,Landings,Imported_Data,Quarter,2,OTB,"All - reported, nonreported and misreported",,60718.64,,,,
2007,France,27.7.d,Landings,Imported_Data,Quarter,3,OTB,"All - reported, nonreported and misreported",,56945.85,,,,
2007,France,27.7.d,Landings,Imported_Data,Quarter,4,OTB,"All - reported, nonreported and misreported",,22550.39,,,,
2007,France,27.7.d,Landings,Imported_Data,Quarter,1,OTM,"All - reported, nonreported and misreported",,1927971.81,,,,
2007,France,27.7.d,Landings,Imported_Data,Quarter,2,OTM,"All - reported, nonreported and misreported",,1696632.98,,,,
2007,France,27.7.d,Landings,Imported_Data,Quarter,3,OTM,"All - reported, nonreported and misreported",,1108610.72,,,,
2007,France,27.7.d,Landings,Imported_Data,Quarter,4,OTM,"All - reported, nonreported and misreported",,1976311.97,,,,
2007,France,27.7.d,Landings,Imported_Data,Quarter,2,PTM,"All - reported, nonreported and misreported",,3864.56,,,,
2007,France,27.7.d,Landings,Imported_Data,Quarter,2,TBB,"All - reported, nonreported and misreported",,39.52,,,,
2007,France,27.7.d,Landings,Imported_Data,Quarter,3,TBB,"All - reported, nonreported and misreported",,1200,,,,
2007,France,27.7.d,Landings,Imported_Data,Quarter,2,TX,"All - reported, nonreported and misreported",,286.8,,,,
2007,France,27.7.d,Landings,Imported_Data,Quarter,3,TX,"All - reported, nonreported and misreported",,26,,,,
2007,France,27.7.e,Landings,Imported_Data,Quarter,1,DRB,"All - reported, nonreported and misreported",,42.75,,,,
2007,France,27.7.e,Landings,Imported_Data,Quarter,2,DRB,"All - reported, nonreported and misreported",,13.38,,,,
2007,France,27.7.e,Landings,Imported_Data,Quarter,3,DRB,"All - reported, nonreported and misreported",,46.07,,,,
2007,France,27.7.e,Landings,Imported_Data,Quarter,4,DRB,"All - reported, nonreported and misreported",,15.4,,,,
2007,France,27.7.e,Landings,Imported_Data,Quarter,1,GNS,"All - reported, nonreported and misreported",,5.92,,,,
2007,France,27.7.e,Landings,Imported_Data,Quarter,4,GNS,"All - reported, nonreported and misreported",,4.68,,,,
2007,France,27.7.e,Landings,Imported_Data,Quarter,1,OTB,"All - reported, nonreported and misreported",,1131.83,,,,
2007,France,27.7.e,Landings,Imported_Data,Quarter,2,OTB,"All - reported, nonreported and misreported",,1556.05,,,,
2007,France,27.7.e,Landings,Imported_Data,Quarter,3,OTB,"All - reported, nonreported and misreported",,1519.96,,,,
2007,France,27.7.e,Landings,Imported_Data,Quarter,4,OTB,"All - reported, nonreported and misreported",,235.89,,,,
2007,France,27.7.e,Landings,Imported_Data,Quarter,1,OTM,"All - reported, nonreported and misreported",,32.97,,,,
2007,France,27.7.e,Landings,Imported_Data,Quarter,2,OTM,"All - reported, nonreported and misreported",,121.77,,,,
2007,France,27.7.e,Landings,Imported_Data,Quarter,3,OTM,"All - reported, nonreported and misreported",,211.95,,,,
2007,France,27.7.e,Landings,Imported_Data,Quarter,4,OTM,"All - reported, nonreported and misreported",,3030,,,,
2008,France,27.7.d,Landings,Imported_Data,Quarter,2,DRB,"All - reported, nonreported and misreported",,110.24,,,,
2008,France,27.7.d,Landings,Imported_Data,Quarter,3,DRB,"All - reported, nonreported and misreported",,1840,,,,
2008,France,27.7.d,Landings,Imported_Data,Quarter,1,GES,"All - reported, nonreported and misreported",,885153.16,,,,
2008,France,27.7.d,Landings,Imported_Data,Quarter,2,GES,"All - reported, nonreported and misreported",,478255.7,,,,
2008,France,27.7.d,Landings,Imported_Data,Quarter,3,GES,"All - reported, nonreported and misreported",,72637.22,,,,
2008,France,27.7.d,Landings,Imported_Data,Quarter,4,GES,"All - reported, nonreported and misreported",,62587.64,,,,
2008,France,27.7.d,Landings,Imported_Data,Quarter,1,GTR,"All - reported, nonreported and misreported",,56,,,,
2008,France,27.7.d,Landings,Imported_Data,Quarter,1,OTB,"All - reported, nonreported and misreported",,1934.79,,,,
2008,France,27.7.d,Landings,Imported_Data,Quarter,2,OTB,"All - reported, nonreported and misreported",,13868.37,,,,
2008,France,27.7.d,Landings,Imported_Data,Quarter,3,OTB,"All - reported, nonreported and misreported",,24435.58,,,,
2008,France,27.7.d,Landings,Imported_Data,Quarter,4,OTB,"All - reported, nonreported and misreported",,71283.58,,,,
2008,France,27.7.d,Landings,Imported_Data,Quarter,1,OTM,"All - reported, nonreported and misreported",,2890002.58,,,,
2008,France,27.7.d,Landings,Imported_Data,Quarter,2,OTM,"All - reported, nonreported and misreported",,1197006.83,,,,
2008,France,27.7.d,Landings,Imported_Data,Quarter,3,OTM,"All - reported, nonreported and misreported",,989269.49,,,,
2008,France,27.7.d,Landings,Imported_Data,Quarter,4,OTM,"All - reported, nonreported and misreported",,1740404.31,,,,
2008,France,27.7.d,Landings,Imported_Data,Quarter,3,PTM,"All - reported, nonreported and misreported",,108.07,,,,
2008,France,27.7.d,Landings,Imported_Data,Quarter,2,TBB,"All - reported, nonreported and misreported",,35,,,,
2008,France,27.7.d,Landings,Imported_Data,Quarter,3,TX,"All - reported, nonreported and misreported",,230.7,,,,
2008,France,27.7.e,Landings,Imported_Data,Quarter,1,DRB,"All - reported, nonreported and misreported",,143.83,,,,
2008,France,27.7.e,Landings,Imported_Data,Quarter,2,DRB,"All - reported, nonreported and misreported",,477.35,,,,
2008,France,27.7.e,Landings,Imported_Data,Quarter,3,DRB,"All - reported, nonreported and misreported",,194.58,,,,
2008,France,27.7.e,Landings,Imported_Data,Quarter,4,DRB,"All - reported, nonreported and misreported",,81.78,,,,
2008,France,27.7.e,Landings,Imported_Data,Quarter,2,FPO,"All - reported, nonreported and misreported",,8.3,,,,
2008,France,27.7.e,Landings,Imported_Data,Quarter,4,FPO,"All - reported, nonreported and misreported",,0.94,,,,
2008,France,27.7.e,Landings,Imported_Data,Quarter,2,GES,"All - reported, nonreported and misreported",,259.5,,,,
2008,France,27.7.e,Landings,Imported_Data,Quarter,2,LVS,"All - reported, nonreported and misreported",,5.61,,,,
2008,France,27.7.e,Landings,Imported_Data,Quarter,2,MIS,"All - reported, nonreported and misreported",,35.16,,,,
2008,France,27.7.e,Landings,Imported_Data,Quarter,1,OTB,"All - reported, nonreported and misreported",,812.15,,,,
2008,France,27.7.e,Landings,Imported_Data,Quarter,2,OTB,"All - reported, nonreported and misreported",,2340.12,,,,
2008,France,27.7.e,Landings,Imported_Data,Quarter,3,OTB,"All - reported, nonreported and misreported",,2963.84,,,,
2008,France,27.7.e,Landings,Imported_Data,Quarter,4,OTB,"All - reported, nonreported and misreported",,168.84,,,,
2008,France,27.7.e,Landings,Imported_Data,Quarter,1,OTM,"All - reported, nonreported and misreported",,4063.66,,,,
2008,France,27.7.e,Landings,Imported_Data,Quarter,2,OTM,"All - reported, nonreported and misreported",,5.51,,,,
2008,France,27.7.e,Landings,Imported_Data,Quarter,3,OTM,"All - reported, nonreported and misreported",,76904.75,,,,
2008,France,27.7.e,Landings,Imported_Data,Quarter,4,OTM,"All - reported, nonreported and misreported",,44401.8,,,,
2008,France,27.7.e,Landings,Imported_Data,Quarter,1,PTM,"All - reported, nonreported and misreported",,16.63,,,,
2008,France,27.7.e,Landings,Imported_Data,Quarter,4,PTM,"All - reported, nonreported and misreported",,4.69,,,,
2009,France,27.7.d,Landings,Imported_Data,Quarter,3,DRB,"All - reported, nonreported and misreported",,3.32,,,,
2009,France,27.7.d,Landings,Imported_Data,Quarter,2,GTR,"All - reported, nonreported and misreported",,21243.04,,,,
2009,France,27.7.d,Landings,Imported_Data,Quarter,3,GTR,"All - reported, nonreported and misreported",,4.16,,,,
2009,France,27.7.d,Landings,Imported_Data,Quarter,4,GTR,"All - reported, nonreported and misreported",,797.77,,,,
2009,France,27.7.d,Landings,Imported_Data,Quarter,4,LHP,"All - reported, nonreported and misreported",,20.02,,,,
2009,France,27.7.d,Landings,Imported_Data,Quarter,1,OTB,"All - reported, nonreported and misreported",,4916.57,,,,
2009,France,27.7.d,Landings,Imported_Data,Quarter,2,OTB,"All - reported, nonreported and misreported",,8557.89,,,,
2009,France,27.7.d,Landings,Imported_Data,Quarter,3,OTB,"All - reported, nonreported and misreported",,38178.51,,,,
2009,France,27.7.d,Landings,Imported_Data,Quarter,4,OTB,"All - reported, nonreported and misreported",,71253.2,,,,
2009,France,27.7.d,Landings,Imported_Data,Quarter,1,OTM,"All - reported, nonreported and misreported",,168007.51,,,,
2009,France,27.7.d,Landings,Imported_Data,Quarter,2,OTM,"All - reported, nonreported and misreported",,1212776.08,,,,
2009,France,27.7.d,Landings,Imported_Data,Quarter,3,OTM,"All - reported, nonreported and misreported",,122379.94,,,,
2009,France,27.7.d,Landings,Imported_Data,Quarter,4,OTM,"All - reported, nonreported and misreported",,930174.09,,,,
2009,France,27.7.d,Landings,Imported_Data,Quarter,2,PTM,"All - reported, nonreported and misreported",,460817.74,,,,
2009,France,27.7.d,Landings,Imported_Data,Quarter,3,PTM,"All - reported, nonreported and misreported",,491902.19,,,,
2009,France,27.7.d,Landings,Imported_Data,Quarter,4,PTM,"All - reported, nonreported and misreported",,11784.12,,,,
2009,France,27.7.d,Landings,Imported_Data,Quarter,2,TBB,"All - reported, nonreported and misreported",,62.41,,,,
2009,France,27.7.d,Landings,Imported_Data,Quarter,3,TBB,"All - reported, nonreported and misreported",,988,,,,
2009,France,27.7.e,Landings,Imported_Data,Quarter,1,DRB,"All - reported, nonreported and misreported",,122.78,,,,
2009,France,27.7.e,Landings,Imported_Data,Quarter,2,DRB,"All - reported, nonreported and misreported",,39.42,,,,
2009,France,27.7.e,Landings,Imported_Data,Quarter,4,DRB,"All - reported, nonreported and misreported",,64.5,,,,
2009,France,27.7.e,Landings,Imported_Data,Quarter,3,FPO,"All - reported, nonreported and misreported",,5.41,,,,
2009,France,27.7.e,Landings,Imported_Data,Quarter,1,GEN,"All - reported, nonreported and misreported",,7,,,,
2009,France,27.7.e,Landings,Imported_Data,Quarter,2,GNS,"All - reported, nonreported and misreported",,1.04,,,,
2009,France,27.7.e,Landings,Imported_Data,Quarter,2,GTR,"All - reported, nonreported and misreported",,6.54,,,,
2009,France,27.7.e,Landings,Imported_Data,Quarter,1,OTB,"All - reported, nonreported and misreported",,10.4,,,,
2009,France,27.7.e,Landings,Imported_Data,Quarter,2,OTB,"All - reported, nonreported and misreported",,1364.28,,,,
2009,France,27.7.e,Landings,Imported_Data,Quarter,3,OTB,"All - reported, nonreported and misreported",,1624.62,,,,
2009,France,27.7.e,Landings,Imported_Data,Quarter,4,OTB,"All - reported, nonreported and misreported",,272.93,,,,
2009,France,27.7.e,Landings,Imported_Data,Quarter,1,OTM,"All - reported, nonreported and misreported",,367047.04,,,,
2009,France,27.7.e,Landings,Imported_Data,Quarter,2,OTM,"All - reported, nonreported and misreported",,170.91,,,,
2009,France,27.7.e,Landings,Imported_Data,Quarter,3,OTM,"All - reported, nonreported and misreported",,2622.46,,,,
2009,France,27.7.e,Landings,Imported_Data,Quarter,4,OTM,"All - reported, nonreported and misreported",,9.88,,,,
2009,France,27.7.e,Landings,Imported_Data,Quarter,1,OTT,"All - reported, nonreported and misreported",,1.44,,,,
2009,France,27.7.e,Landings,Imported_Data,Quarter,2,PTM,"All - reported, nonreported and misreported",,416,,,,
2009,France,27.7.e,Landings,Imported_Data,Quarter,3,PTM,"All - reported, nonreported and misreported",,3.96,,,,
2010,France,27.7.d,Landings,Imported_Data,Quarter,1,DRB,"All - reported, nonreported and misreported",,385,,,,
2010,France,27.7.d,Landings,Imported_Data,Quarter,4,DRB,"All - reported, nonreported and misreported",,3050.32,,,,
2010,France,27.7.d,Landings,Imported_Data,Quarter,1,MIS,"All - reported, nonreported and misreported",,6.76,,,,
2010,France,27.7.d,Landings,Imported_Data,Quarter,2,OT,"All - reported, nonreported and misreported",,41.6,,,,
2010,France,27.7.d,Landings,Imported_Data,Quarter,1,OTB,"All - reported, nonreported and misreported",,5373.7,,,,
2010,France,27.7.d,Landings,Imported_Data,Quarter,2,OTB,"All - reported, nonreported and misreported",,12774.49,,,,
2010,France,27.7.d,Landings,Imported_Data,Quarter,3,OTB,"All - reported, nonreported and misreported",,15760.22,,,,
2010,France,27.7.d,Landings,Imported_Data,Quarter,4,OTB,"All - reported, nonreported and misreported",,23473.75,,,,
2010,France,27.7.d,Landings,Imported_Data,Quarter,1,OTM,"All - reported, nonreported and misreported",,571174.34,,,,
2010,France,27.7.d,Landings,Imported_Data,Quarter,2,OTM,"All - reported, nonreported and misreported",,44760.21,,,,
2010,France,27.7.d,Landings,Imported_Data,Quarter,3,OTM,"All - reported, nonreported and misreported",,4554.89,,,,
2010,France,27.7.d,Landings,Imported_Data,Quarter,4,OTM,"All - reported, nonreported and misreported",,90.49,,,,
2010,France,27.7.d,Landings,Imported_Data,Quarter,2,PTM,"All - reported, nonreported and misreported",,0,,,,
2010,France,27.7.d,Landings,Imported_Data,Quarter,3,PTM,"All - reported, nonreported and misreported",,70.59,,,,
2010,France,27.7.d,Landings,Imported_Data,Quarter,3,TBB,"All - reported, nonreported and misreported",,10.4,,,,
2010,France,27.7.e,Landings,Imported_Data,Quarter,1,DRB,"All - reported, nonreported and misreported",,114.92,,,,
2010,France,27.7.e,Landings,Imported_Data,Quarter,2,DRB,"All - reported, nonreported and misreported",,255.79,,,,
2010,France,27.7.e,Landings,Imported_Data,Quarter,3,DRB,"All - reported, nonreported and misreported",,6.24,,,,
2010,France,27.7.e,Landings,Imported_Data,Quarter,4,DRB,"All - reported, nonreported and misreported",,27.36,,,,
2010,France,27.7.e,Landings,Imported_Data,Quarter,1,FPO,"All - reported, nonreported and misreported",,22.88,,,,
2010,France,27.7.e,Landings,Imported_Data,Quarter,3,GTR,"All - reported, nonreported and misreported",,51.35,,,,
2010,France,27.7.e,Landings,Imported_Data,Quarter,2,LLS,"All - reported, nonreported and misreported",,0.73,,,,
2010,France,27.7.e,Landings,Imported_Data,Quarter,4,LTL,"All - reported, nonreported and misreported",,3.22,,,,
2010,France,27.7.e,Landings,Imported_Data,Quarter,1,OTB,"All - reported, nonreported and misreported",,145.39,,,,
2010,France,27.7.e,Landings,Imported_Data,Quarter,2,OTB,"All - reported, nonreported and misreported",,1828.93,,,,
2010,France,27.7.e,Landings,Imported_Data,Quarter,3,OTB,"All - reported, nonreported and misreported",,2688.61,,,,
2010,France,27.7.e,Landings,Imported_Data,Quarter,4,OTB,"All - reported, nonreported and misreported",,122.62,,,,
2010,France,27.7.e,Landings,Imported_Data,Quarter,2,OTM,"All - reported, nonreported and misreported",,315.64,,,,
2010,France,27.7.e,Landings,Imported_Data,Quarter,3,OTM,"All - reported, nonreported and misreported",,6784.45,,,,
2010,France,27.7.e,Landings,Imported_Data,Quarter,4,OTM,"All - reported, nonreported and misreported",,11781.74,,,,
2010,France,27.7.e,Landings,Imported_Data,Quarter,2,PTM,"All - reported, nonreported and misreported",,624,,,,
2011,France,27.7.d,Landings,Imported_Data,Quarter,1,DRB,"All - reported, nonreported and misreported",,10.4,,,,
2011,France,27.7.d,Landings,Imported_Data,Quarter,3,DRB,"All - reported, nonreported and misreported",,11.44,,,,
2011,France,27.7.d,Landings,Imported_Data,Quarter,2,GTR,"All - reported, nonreported and misreported",,68.52,,,,
2011,France,27.7.d,Landings,Imported_Data,Quarter,4,GTR,"All - reported, nonreported and misreported",,20.8,,,,
2011,France,27.7.d,Landings,Imported_Data,Quarter,4,MIS,"All - reported, nonreported and misreported",,9.36,,,,
2011,France,27.7.d,Landings,Imported_Data,Quarter,1,OTB,"All - reported, nonreported and misreported",,3461.12,,,,
2011,France,27.7.d,Landings,Imported_Data,Quarter,2,OTB,"All - reported, nonreported and misreported",,7787.42,,,,
2011,France,27.7.d,Landings,Imported_Data,Quarter,3,OTB,"All - reported, nonreported and misreported",,20176.19,,,,
2011,France,27.7.d,Landings,Imported_Data,Quarter,4,OTB,"All - reported, nonreported and misreported",,57769.63,,,,
2011,France,27.7.d,Landings,Imported_Data,Quarter,2,OTM,"All - reported, nonreported and misreported",,586.92,,,,
2011,France,27.7.d,Landings,Imported_Data,Quarter,3,OTM,"All - reported, nonreported and misreported",,12490.53,,,,
2011,France,27.7.d,Landings,Imported_Data,Quarter,4,OTM,"All - reported, nonreported and misreported",,40434.09,,,,
2011,France,27.7.d,Landings,Imported_Data,Quarter,2,PTB,"All - reported, nonreported and misreported",,53.89,,,,
2011,France,27.7.d,Landings,Imported_Data,Quarter,3,PTB,"All - reported, nonreported and misreported",,2239.86,,,,
2011,France,27.7.d,Landings,Imported_Data,Quarter,4,PTB,"All - reported, nonreported and misreported",,17995.23,,,,
2011,France,27.7.d,Landings,Imported_Data,Quarter,2,PTM,"All - reported, nonreported and misreported",,15630.52,,,,
2011,France,27.7.d,Landings,Imported_Data,Quarter,3,PTM,"All - reported, nonreported and misreported",,3602.54,,,,
2011,France,27.7.d,Landings,Imported_Data,Quarter,4,PTM,"All - reported, nonreported and misreported",,19577.68,,,,
2011,France,27.7.d,Landings,Imported_Data,Quarter,3,SPR,"All - reported, nonreported and misreported",,251.36,,,,
2011,France,27.7.d,Landings,Imported_Data,Quarter,2,SSC,"All - reported, nonreported and misreported",,5683.76,,,,
2011,France,27.7.d,Landings,Imported_Data,Quarter,3,SSC,"All - reported, nonreported and misreported",,325.52,,,,
2011,France,27.7.d,Landings,Imported_Data,Quarter,4,SSC,"All - reported, nonreported and misreported",,553.97,,,,
2011,France,27.7.e,Landings,Imported_Data,Quarter,1,DRB,"All - reported, nonreported and misreported",,204.22,,,,
2011,France,27.7.e,Landings,Imported_Data,Quarter,2,DRB,"All - reported, nonreported and misreported",,158.11,,,,
2011,France,27.7.e,Landings,Imported_Data,Quarter,4,DRB,"All - reported, nonreported and misreported",,15.18,,,,
2011,France,27.7.e,Landings,Imported_Data,Quarter,1,FPO,"All - reported, nonreported and misreported",,25,,,,
2011,France,27.7.e,Landings,Imported_Data,Quarter,2,FPO,"All - reported, nonreported and misreported",,15.7,,,,
2011,France,27.7.e,Landings,Imported_Data,Quarter,2,GN,"All - reported, nonreported and misreported",,25,,,,
2011,France,27.7.e,Landings,Imported_Data,Quarter,2,GTR,"All - reported, nonreported and misreported",,7.28,,,,
2011,France,27.7.e,Landings,Imported_Data,Quarter,3,LLS,"All - reported, nonreported and misreported",,41.6,,,,
2011,France,27.7.e,Landings,Imported_Data,Quarter,1,OTB,"All - reported, nonreported and misreported",,390.47,,,,
2011,France,27.7.e,Landings,Imported_Data,Quarter,2,OTB,"All - reported, nonreported and misreported",,2327.3,,,,
2011,France,27.7.e,Landings,Imported_Data,Quarter,3,OTB,"All - reported, nonreported and misreported",,2149.88,,,,
2011,France,27.7.e,Landings,Imported_Data,Quarter,4,OTB,"All - reported, nonreported and misreported",,108.71,,,,
2011,France,27.7.e,Landings,Imported_Data,Quarter,2,OTM,"All - reported, nonreported and misreported",,51.38,,,,
2011,France,27.7.e,Landings,Imported_Data,Quarter,3,OTM,"All - reported, nonreported and misreported",,22375.44,,,,
2011,France,27.7.e,Landings,Imported_Data,Quarter,1,TB,"All - reported, nonreported and misreported",,46.8,,,,
2011,France,27.7.e,Landings,Imported_Data,Quarter,3,TMS,"All - reported, nonreported and misreported",,47.98,,,,
2011,France,27.7.e,Landings,Imported_Data,Quarter,4,TMS,"All - reported, nonreported and misreported",,6.2,,,,
2012,France,27.7.d,Landings,Imported_Data,Quarter,1,GEN,"All - reported, nonreported and misreported",,37,,,,
2012,France,27.7.d,Landings,Imported_Data,Quarter,1,GN,"All - reported, nonreported and misreported",,80,,,,
2012,France,27.7.d,Landings,Imported_Data,Quarter,2,GN,"All - reported, nonreported and misreported",,150,,,,
2012,France,27.7.d,Landings,Imported_Data,Quarter,1,GNS,"All - reported, nonreported and misreported",,2.6,,,,
2012,France,27.7.d,Landings,Imported_Data,Quarter,4,GTR,"All - reported, nonreported and misreported",,2.18,,,,
2012,France,27.7.d,Landings,Imported_Data,Quarter,1,OTB,"All - reported, nonreported and misreported",,4250.85,,,,
2012,France,27.7.d,Landings,Imported_Data,Quarter,2,OTB,"All - reported, nonreported and misreported",,13150.6,,,,
2012,France,27.7.d,Landings,Imported_Data,Quarter,3,OTB,"All - reported, nonreported and misreported",,15091.68,,,,
2012,France,27.7.d,Landings,Imported_Data,Quarter,4,OTB,"All - reported, nonreported and misreported",,44990.95,,,,
2012,France,27.7.d,Landings,Imported_Data,Quarter,1,OTM,"All - reported, nonreported and misreported",,105,,,,
2012,France,27.7.d,Landings,Imported_Data,Quarter,2,OTM,"All - reported, nonreported and misreported",,18089.62,,,,
2012,France,27.7.d,Landings,Imported_Data,Quarter,3,OTM,"All - reported, nonreported and misreported",,3131.88,,,,
2012,France,27.7.d,Landings,Imported_Data,Quarter,4,OTM,"All - reported, nonreported and misreported",,77314.18,,,,
2012,France,27.7.d,Landings,Imported_Data,Quarter,1,PTB,"All - reported, nonreported and misreported",,74.2,,,,
2012,France,27.7.d,Landings,Imported_Data,Quarter,2,PTB,"All - reported, nonreported and misreported",,2575.39,,,,
2012,France,27.7.d,Landings,Imported_Data,Quarter,3,PTB,"All - reported, nonreported and misreported",,2908.27,,,,
2012,France,27.7.d,Landings,Imported_Data,Quarter,4,PTB,"All - reported, nonreported and misreported",,485.1,,,,
2012,France,27.7.d,Landings,Imported_Data,Quarter,1,PTM,"All - reported, nonreported and misreported",,5.91,,,,
2012,France,27.7.d,Landings,Imported_Data,Quarter,2,PTM,"All - reported, nonreported and misreported",,1910.11,,,,
2012,France,27.7.d,Landings,Imported_Data,Quarter,3,PTM,"All - reported, nonreported and misreported",,11324.2,,,,
2012,France,27.7.d,Landings,Imported_Data,Quarter,4,PTM,"All - reported, nonreported and misreported",,8855,,,,
2012,France,27.7.d,Landings,Imported_Data,Quarter,2,SSC,"All - reported, nonreported and misreported",,118.42,,,,
2012,France,27.7.d,Landings,Imported_Data,Quarter,3,SSC,"All - reported, nonreported and misreported",,622.01,,,,
2012,France,27.7.d,Landings,Imported_Data,Quarter,4,SSC,"All - reported, nonreported and misreported",,4.11,,,,
2012,France,27.7.e,Landings,Imported_Data,Quarter,1,DRB,"All - reported, nonreported and misreported",,399.86,,,,
2012,France,27.7.e,Landings,Imported_Data,Quarter,2,DRB,"All - reported, nonreported and misreported",,19.65,,,,
2012,France,27.7.e,Landings,Imported_Data,Quarter,3,DRB,"All - reported, nonreported and misreported",,221.04,,,,
2012,France,27.7.e,Landings,Imported_Data,Quarter,4,DRB,"All - reported, nonreported and misreported",,745.38,,,,
2012,France,27.7.e,Landings,Imported_Data,Quarter,2,FPO,"All - reported, nonreported and misreported",,1.56,,,,
2012,France,27.7.e,Landings,Imported_Data,Quarter,2,GN,"All - reported, nonreported and misreported",,1.14,,,,
2012,France,27.7.e,Landings,Imported_Data,Quarter,1,GNS,"All - reported, nonreported and misreported",,2.6,,,,
2012,France,27.7.e,Landings,Imported_Data,Quarter,2,GNS,"All - reported, nonreported and misreported",,52.84,,,,
2012,France,27.7.e,Landings,Imported_Data,Quarter,1,GTR,"All - reported, nonreported and misreported",,15.1,,,,
2012,France,27.7.e,Landings,Imported_Data,Quarter,2,GTR,"All - reported, nonreported and misreported",,0.83,,,,
2012,France,27.7.e,Landings,Imported_Data,Quarter,4,GTR,"All - reported, nonreported and misreported",,12.48,,,,
2012,France,27.7.e,Landings,Imported_Data,Quarter,3,LHP,"All - reported, nonreported and misreported",,8.32,,,,
2012,France,27.7.e,Landings,Imported_Data,Quarter,2,OT,"All - reported, nonreported and misreported",,17.69,,,,
2012,France,27.7.e,Landings,Imported_Data,Quarter,1,OTB,"All - reported, nonreported and misreported",,2780.13,,,,
2012,France,27.7.e,Landings,Imported_Data,Quarter,2,OTB,"All - reported, nonreported and misreported",,2562.63,,,,
2012,France,27.7.e,Landings,Imported_Data,Quarter,3,OTB,"All - reported, nonreported and misreported",,897.14,,,,
2012,France,27.7.e,Landings,Imported_Data,Quarter,4,OTB,"All - reported, nonreported and misreported",,2016.04,,,,
2012,France,27.7.e,Landings,Imported_Data,Quarter,2,OTM,"All - reported, nonreported and misreported",,443.77,,,,
2012,France,27.7.e,Landings,Imported_Data,Quarter,3,OTM,"All - reported, nonreported and misreported",,156559.53,,,,
2012,France,27.7.e,Landings,Imported_Data,Quarter,2,OTT,"All - reported, nonreported and misreported",,114.51,,,,
2012,France,27.7.e,Landings,Imported_Data,Quarter,1,PTM,"All - reported, nonreported and misreported",,2.33,,,,
2012,France,27.7.e,Landings,Imported_Data,Quarter,3,TMS,"All - reported, nonreported and misreported",,0.94,,,,
2012,France,27.7.e,Landings,Imported_Data,Quarter,2,TX,"All - reported, nonreported and misreported",,1.04,,,,
2013,France,27.7.d,Landings,Imported_Data,Quarter,2,DRB,"All - reported, nonreported and misreported",,15.97,,,,
2013,France,27.7.d,Landings,Imported_Data,Quarter,4,DRB,"All - reported, nonreported and misreported",,20,,,,
2013,France,27.7.d,Landings,Imported_Data,Quarter,2,FPO,"All - reported, nonreported and misreported",,0.47,,,,
2013,France,27.7.d,Landings,Imported_Data,Quarter,2,GNS,"All - reported, nonreported and misreported",,1.61,,,,
2013,France,27.7.d,Landings,Imported_Data,Quarter,1,GTN,"All - reported, nonreported and misreported",,400,,,,
2013,France,27.7.d,Landings,Imported_Data,Quarter,2,GTR,"All - reported, nonreported and misreported",,4.16,,,,
2013,France,27.7.d,Landings,Imported_Data,Quarter,3,OT,"All - reported, nonreported and misreported",,281.16,,,,
2013,France,27.7.d,Landings,Imported_Data,Quarter,4,OT,"All - reported, nonreported and misreported",,8.94,,,,
2013,France,27.7.d,Landings,Imported_Data,Quarter,1,OTB,"All - reported, nonreported and misreported",,7800.43,,,,
2013,France,27.7.d,Landings,Imported_Data,Quarter,2,OTB,"All - reported, nonreported and misreported",,17063.38,,,,
2013,France,27.7.d,Landings,Imported_Data,Quarter,3,OTB,"All - reported, nonreported and misreported",,72804.3,,,,
2013,France,27.7.d,Landings,Imported_Data,Quarter,4,OTB,"All - reported, nonreported and misreported",,38112.84,,,,
2013,France,27.7.d,Landings,Imported_Data,Quarter,1,OTM,"All - reported, nonreported and misreported",,32675.53,,,,
2013,France,27.7.d,Landings,Imported_Data,Quarter,2,OTM,"All - reported, nonreported and misreported",,334486.12,,,,
2013,France,27.7.d,Landings,Imported_Data,Quarter,3,OTM,"All - reported, nonreported and misreported",,163394.48,,,,
2013,France,27.7.d,Landings,Imported_Data,Quarter,4,OTM,"All - reported, nonreported and misreported",,893917.57,,,,
2013,France,27.7.d,Landings,Imported_Data,Quarter,2,OTT,"All - reported, nonreported and misreported",,70,,,,
2013,France,27.7.d,Landings,Imported_Data,Quarter,3,OTT,"All - reported, nonreported and misreported",,323.62,,,,
2013,France,27.7.d,Landings,Imported_Data,Quarter,1,PTB,"All - reported, nonreported and misreported",,25.99,,,,
2013,France,27.7.d,Landings,Imported_Data,Quarter,2,PTB,"All - reported, nonreported and misreported",,5269.24,,,,
2013,France,27.7.d,Landings,Imported_Data,Quarter,3,PTB,"All - reported, nonreported and misreported",,14032.87,,,,
2013,France,27.7.d,Landings,Imported_Data,Quarter,4,PTB,"All - reported, nonreported and misreported",,134.33,,,,
2013,France,27.7.d,Landings,Imported_Data,Quarter,2,PTM,"All - reported, nonreported and misreported",,72887.29,,,,
2013,France,27.7.d,Landings,Imported_Data,Quarter,3,PTM,"All - reported, nonreported and misreported",,36408.68,,,,
2013,France,27.7.d,Landings,Imported_Data,Quarter,4,PTM,"All - reported, nonreported and misreported",,3359.09,,,,
2013,France,27.7.d,Landings,Imported_Data,Quarter,2,SSC,"All - reported, nonreported and misreported",,37.8,,,,
2013,France,27.7.d,Landings,Imported_Data,Quarter,3,SSC,"All - reported, nonreported and misreported",,258.93,,,,
2013,France,27.7.d,Landings,Imported_Data,Quarter,4,SSC,"All - reported, nonreported and misreported",,237.12,,,,
2013,France,27.7.d,Landings,Imported_Data,Quarter,1,TM,"All - reported, nonreported and misreported",,1.03,,,,
2013,France,27.7.e,Landings,Imported_Data,Quarter,1,DRB,"All - reported, nonreported and misreported",,119.44,,,,
2013,France,27.7.e,Landings,Imported_Data,Quarter,2,DRB,"All - reported, nonreported and misreported",,536.63,,,,
2013,France,27.7.e,Landings,Imported_Data,Quarter,3,DRB,"All - reported, nonreported and misreported",,39.2,,,,
2013,France,27.7.e,Landings,Imported_Data,Quarter,4,DRB,"All - reported, nonreported and misreported",,515.12,,,,
2013,France,27.7.e,Landings,Imported_Data,Quarter,2,FPO,"All - reported, nonreported and misreported",,30.04,,,,
2013,France,27.7.e,Landings,Imported_Data,Quarter,3,FPO,"All - reported, nonreported and misreported",,47.52,,,,
2013,France,27.7.e,Landings,Imported_Data,Quarter,3,GN,"All - reported, nonreported and misreported",,17.68,,,,
2013,France,27.7.e,Landings,Imported_Data,Quarter,2,GNS,"All - reported, nonreported and misreported",,93.3,,,,
2013,France,27.7.e,Landings,Imported_Data,Quarter,3,GNS,"All - reported, nonreported and misreported",,9.36,,,,
2013,France,27.7.e,Landings,Imported_Data,Quarter,1,GTR,"All - reported, nonreported and misreported",,7.38,,,,
2013,France,27.7.e,Landings,Imported_Data,Quarter,1,HMD,"All - reported, nonreported and misreported",,30.68,,,,
2013,France,27.7.e,Landings,Imported_Data,Quarter,2,HMD,"All - reported, nonreported and misreported",,628.37,,,,
2013,France,27.7.e,Landings,Imported_Data,Quarter,2,LLS,"All - reported, nonreported and misreported",,7.07,,,,
2013,France,27.7.e,Landings,Imported_Data,Quarter,4,LVS,"All - reported, nonreported and misreported",,1.14,,,,
2013,France,27.7.e,Landings,Imported_Data,Quarter,2,OT,"All - reported, nonreported and misreported",,0.73,,,,
2013,France,27.7.e,Landings,Imported_Data,Quarter,1,OTB,"All - reported, nonreported and misreported",,387.97,,,,
2013,France,27.7.e,Landings,Imported_Data,Quarter,2,OTB,"All - reported, nonreported and misreported",,3715.46,,,,
2013,France,27.7.e,Landings,Imported_Data,Quarter,3,OTB,"All - reported, nonreported and misreported",,244.48,,,,
2013,France,27.7.e,Landings,Imported_Data,Quarter,4,OTB,"All - reported, nonreported and misreported",,701.86,,,,
2013,France,27.7.e,Landings,Imported_Data,Quarter,2,OTM,"All - reported, nonreported and misreported",,0.84,,,,
2013,France,27.7.e,Landings,Imported_Data,Quarter,3,OTM,"All - reported, nonreported and misreported",,2.5,,,,
2013,France,27.7.e,Landings,Imported_Data,Quarter,4,OTM,"All - reported, nonreported and misreported",,267.58,,,,
2013,France,27.7.e,Landings,Imported_Data,Quarter,2,OTT,"All - reported, nonreported and misreported",,498.54,,,,
2013,France,27.7.e,Landings,Imported_Data,Quarter,4,TB,"All - reported, nonreported and misreported",,96.4,,,,
2013,France,27.7.e,Landings,Imported_Data,Quarter,2,TX,"All - reported, nonreported and misreported",,52.12,,,,
2013,France,27.7.e,Landings,Imported_Data,Quarter,3,TX,"All - reported, nonreported and misreported",,489.84,,,,
2014,France,27.7.d,Landings,Imported_Data,Quarter,2,DRB,"All - reported, nonreported and misreported",,8.84,,,,
2014,France,27.7.d,Landings,Imported_Data,Quarter,3,GTR,"All - reported, nonreported and misreported",,18.1,,,,
2014,France,27.7.d,Landings,Imported_Data,Quarter,3,OT,"All - reported, nonreported and misreported",,16.64,,,,
2014,France,27.7.d,Landings,Imported_Data,Quarter,1,OTB,"All - reported, nonreported and misreported",,960.98,,,,
2014,France,27.7.d,Landings,Imported_Data,Quarter,2,OTB,"All - reported, nonreported and misreported",,15715.09,,,,
2014,France,27.7.d,Landings,Imported_Data,Quarter,3,OTB,"All - reported, nonreported and misreported",,58429.22,,,,
2014,France,27.7.d,Landings,Imported_Data,Quarter,4,OTB,"All - reported, nonreported and misreported",,14409.48,,,,
2014,France,27.7.d,Landings,Imported_Data,Quarter,1,OTM,"All - reported, nonreported and misreported",,56975.68,,,,
2014,France,27.7.d,Landings,Imported_Data,Quarter,2,OTM,"All - reported, nonreported and misreported",,115736.85,,,,
2014,France,27.7.d,Landings,Imported_Data,Quarter,3,OTM,"All - reported, nonreported and misreported",,16304.95,,,,
2014,France,27.7.d,Landings,Imported_Data,Quarter,4,OTM,"All - reported, nonreported and misreported",,189096.88,,,,
2014,France,27.7.d,Landings,Imported_Data,Quarter,2,PTB,"All - reported, nonreported and misreported",,3666.26,,,,
2014,France,27.7.d,Landings,Imported_Data,Quarter,3,PTB,"All - reported, nonreported and misreported",,397.55,,,,
2014,France,27.7.d,Landings,Imported_Data,Quarter,4,PTB,"All - reported, nonreported and misreported",,12.95,,,,
2014,France,27.7.d,Landings,Imported_Data,Quarter,2,PTM,"All - reported, nonreported and misreported",,208556.76,,,,
2014,France,27.7.d,Landings,Imported_Data,Quarter,3,PTM,"All - reported, nonreported and misreported",,313270.02,,,,
2014,France,27.7.d,Landings,Imported_Data,Quarter,4,PTM,"All - reported, nonreported and misreported",,97231.87,,,,
2014,France,27.7.d,Landings,Imported_Data,Quarter,1,SSC,"All - reported, nonreported and misreported",,34.57,,,,
2014,France,27.7.d,Landings,Imported_Data,Quarter,2,SSC,"All - reported, nonreported and misreported",,732.24,,,,
2014,France,27.7.d,Landings,Imported_Data,Quarter,3,SSC,"All - reported, nonreported and misreported",,686.49,,,,
2014,France,27.7.d,Landings,Imported_Data,Quarter,4,SSC,"All - reported, nonreported and misreported",,42.81,,,,
2014,France,27.7.e,Landings,Imported_Data,Quarter,1,DRB,"All - reported, nonreported and misreported",,28.02,,,,
2014,France,27.7.e,Landings,Imported_Data,Quarter,2,DRB,"All - reported, nonreported and misreported",,235.53,,,,
2014,France,27.7.e,Landings,Imported_Data,Quarter,3,DRB,"All - reported, nonreported and misreported",,105.14,,,,
2014,France,27.7.e,Landings,Imported_Data,Quarter,4,DRB,"All - reported, nonreported and misreported",,55.13,,,,
2014,France,27.7.e,Landings,Imported_Data,Quarter,2,FPO,"All - reported, nonreported and misreported",,9.31,,,,
2014,France,27.7.e,Landings,Imported_Data,Quarter,2,GNS,"All - reported, nonreported and misreported",,14.08,,,,
2014,France,27.7.e,Landings,Imported_Data,Quarter,4,GNS,"All - reported, nonreported and misreported",,3.95,,,,
2014,France,27.7.e,Landings,Imported_Data,Quarter,1,GTR,"All - reported, nonreported and misreported",,7.9,,,,
2014,France,27.7.e,Landings,Imported_Data,Quarter,3,GTR,"All - reported, nonreported and misreported",,1.25,,,,
2014,France,27.7.e,Landings,Imported_Data,Quarter,4,GTR,"All - reported, nonreported and misreported",,3.54,,,,
2014,France,27.7.e,Landings,Imported_Data,Quarter,2,HMD,"All - reported, nonreported and misreported",,5.2,,,,
2014,France,27.7.e,Landings,Imported_Data,Quarter,1,OTB,"All - reported, nonreported and misreported",,478.35,,,,
2014,France,27.7.e,Landings,Imported_Data,Quarter,2,OTB,"All - reported, nonreported and misreported",,3365.68,,,,
2014,France,27.7.e,Landings,Imported_Data,Quarter,3,OTB,"All - reported, nonreported and misreported",,1394.62,,,,
2014,France,27.7.e,Landings,Imported_Data,Quarter,4,OTB,"All - reported, nonreported and misreported",,236.71,,,,
2014,France,27.7.e,Landings,Imported_Data,Quarter,2,OTM,"All - reported, nonreported and misreported",,37.74,,,,
2014,France,27.7.e,Landings,Imported_Data,Quarter,2,OTT,"All - reported, nonreported and misreported",,14.55,,,,
2014,France,27.7.e,Landings,Imported_Data,Quarter,3,OTT,"All - reported, nonreported and misreported",,68.73,,,,
2014,France,27.7.e,Landings,Imported_Data,Quarter,2,PTM,"All - reported, nonreported and misreported",,98.81,,,,
2014,France,27.7.e,Landings,Imported_Data,Quarter,3,PTM,"All - reported, nonreported and misreported",,47.32,,,,
2014,France,27.7.e,Landings,Imported_Data,Quarter,2,TMS,"All - reported, nonreported and misreported",,11.75,,,,
2014,France,27.7.e,Landings,Imported_Data,Quarter,2,TX,"All - reported, nonreported and misreported",,95.36,,,,
2014,France,27.7.e,Landings,Imported_Data,Quarter,3,TX,"All - reported, nonreported and misreported",,1136.17,,,,
2015,France,27.7.d,Landings,Imported_Data,Quarter,2,DRB,"All - reported, nonreported and misreported",,56.36,,,,
2015,France,27.7.d,Landings,Imported_Data,Quarter,3,DRB,"All - reported, nonreported and misreported",,7.35,,,,
2015,France,27.7.d,Landings,Imported_Data,Quarter,1,GNS,"All - reported, nonreported and misreported",,1.3,,,,
2015,France,27.7.d,Landings,Imported_Data,Quarter,4,GTR,"All - reported, nonreported and misreported",,611.94,,,,
2015,France,27.7.d,Landings,Imported_Data,Quarter,1,OTB,"All - reported, nonreported and misreported",,18540.32,,,,
2015,France,27.7.d,Landings,Imported_Data,Quarter,2,OTB,"All - reported, nonreported and misreported",,5730.32,,,,
2015,France,27.7.d,Landings,Imported_Data,Quarter,3,OTB,"All - reported, nonreported and misreported",,37704.13,,,,
2015,France,27.7.d,Landings,Imported_Data,Quarter,4,OTB,"All - reported, nonreported and misreported",,25206.39,,,,
2015,France,27.7.d,Landings,Imported_Data,Quarter,1,OTM,"All - reported, nonreported and misreported",,122720.09,,,,
2015,France,27.7.d,Landings,Imported_Data,Quarter,2,OTM,"All - reported, nonreported and misreported",,27173.84,,,,
2015,France,27.7.d,Landings,Imported_Data,Quarter,3,OTM,"All - reported, nonreported and misreported",,85325.6,,,,
2015,France,27.7.d,Landings,Imported_Data,Quarter,4,OTM,"All - reported, nonreported and misreported",,131311.76,,,,
2015,France,27.7.d,Landings,Imported_Data,Quarter,1,PTB,"All - reported, nonreported and misreported",,14.39,,,,
2015,France,27.7.d,Landings,Imported_Data,Quarter,2,PTB,"All - reported, nonreported and misreported",,585.07,,,,
2015,France,27.7.d,Landings,Imported_Data,Quarter,4,PTB,"All - reported, nonreported and misreported",,486.74,,,,
2015,France,27.7.d,Landings,Imported_Data,Quarter,2,PTM,"All - reported, nonreported and misreported",,332596.29,,,,
2015,France,27.7.d,Landings,Imported_Data,Quarter,3,PTM,"All - reported, nonreported and misreported",,351290.86,,,,
2015,France,27.7.d,Landings,Imported_Data,Quarter,4,PTM,"All - reported, nonreported and misreported",,61582.08,,,,
2015,France,27.7.d,Landings,Imported_Data,Quarter,1,SSC,"All - reported, nonreported and misreported",,4.76,,,,
2015,France,27.7.d,Landings,Imported_Data,Quarter,2,SSC,"All - reported, nonreported and misreported",,568.93,,,,
2015,France,27.7.d,Landings,Imported_Data,Quarter,3,SSC,"All - reported, nonreported and misreported",,99,,,,
2015,France,27.7.d,Landings,Imported_Data,Quarter,4,SSC,"All - reported, nonreported and misreported",,61.92,,,,
2015,France,27.7.d,Landings,Imported_Data,Quarter,2,TBB,"All - reported, nonreported and misreported",,36.4,,,,
2015,France,27.7.d,Landings,Imported_Data,Quarter,3,TBB,"All - reported, nonreported and misreported",,5.86,,,,
2015,France,27.7.d,Landings,Imported_Data,Quarter,3,TBS,"All - reported, nonreported and misreported",,379.6,,,,
2015,France,27.7.d,Landings,Imported_Data,Quarter,4,TBS,"All - reported, nonreported and misreported",,599.05,,,,
2015,France,27.7.e,Landings,Imported_Data,Quarter,1,DRB,"All - reported, nonreported and misreported",,115.85,,,,
2015,France,27.7.e,Landings,Imported_Data,Quarter,2,DRB,"All - reported, nonreported and misreported",,376.62,,,,
2015,France,27.7.e,Landings,Imported_Data,Quarter,3,DRB,"All - reported, nonreported and misreported",,4.68,,,,
2015,France,27.7.e,Landings,Imported_Data,Quarter,4,DRB,"All - reported, nonreported and misreported",,44.53,,,,
2015,France,27.7.e,Landings,Imported_Data,Quarter,2,FPO,"All - reported, nonreported and misreported",,55.41,,,,
2015,France,27.7.e,Landings,Imported_Data,Quarter,3,FPO,"All - reported, nonreported and misreported",,11.02,,,,
2015,France,27.7.e,Landings,Imported_Data,Quarter,1,GNS,"All - reported, nonreported and misreported",,1.3,,,,
2015,France,27.7.e,Landings,Imported_Data,Quarter,4,GTR,"All - reported, nonreported and misreported",,1.66,,,,
2015,France,27.7.e,Landings,Imported_Data,Quarter,2,HMD,"All - reported, nonreported and misreported",,27.04,,,,
2015,France,27.7.e,Landings,Imported_Data,Quarter,1,OTB,"All - reported, nonreported and misreported",,1386.89,,,,
2015,France,27.7.e,Landings,Imported_Data,Quarter,2,OTB,"All - reported, nonreported and misreported",,2655.08,,,,
2015,France,27.7.e,Landings,Imported_Data,Quarter,3,OTB,"All - reported, nonreported and misreported",,244.27,,,,
2015,France,27.7.e,Landings,Imported_Data,Quarter,4,OTB,"All - reported, nonreported and misreported",,75.48,,,,
2015,France,27.7.e,Landings,Imported_Data,Quarter,1,OTM,"All - reported, nonreported and misreported",,0.17,,,,
2015,France,27.7.e,Landings,Imported_Data,Quarter,2,OTM,"All - reported, nonreported and misreported",,18.41,,,,
2015,France,27.7.e,Landings,Imported_Data,Quarter,3,OTM,"All - reported, nonreported and misreported",,340.18,,,,
2015,France,27.7.e,Landings,Imported_Data,Quarter,2,OTT,"All - reported, nonreported and misreported",,150.93,,,,
2015,France,27.7.e,Landings,Imported_Data,Quarter,2,PTM,"All - reported, nonreported and misreported",,30,,,,
2015,France,27.7.e,Landings,Imported_Data,Quarter,1,TBB,"All - reported, nonreported and misreported",,223.08,,,,
2016,France,27.7.d,Landings,Imported_Data,Quarter,3,DRB,"All - reported, nonreported and misreported",,4.71,,,,
2016,France,27.7.d,Landings,Imported_Data,Quarter,4,DRB,"All - reported, nonreported and misreported",,1217.35,,,,
2016,France,27.7.d,Landings,Imported_Data,Quarter,2,GNS,"All - reported, nonreported and misreported",,93.51,,,,
2016,France,27.7.d,Landings,Imported_Data,Quarter,1,OTB,"All - reported, nonreported and misreported",,1203.57,,,,
2016,France,27.7.d,Landings,Imported_Data,Quarter,2,OTB,"All - reported, nonreported and misreported",,16337.6,,,,
2016,France,27.7.d,Landings,Imported_Data,Quarter,3,OTB,"All - reported, nonreported and misreported",,51039.11,,,,
2016,France,27.7.d,Landings,Imported_Data,Quarter,4,OTB,"All - reported, nonreported and misreported",,20661.68,,,,
2016,France,27.7.d,Landings,Imported_Data,Quarter,1,OTM,"All - reported, nonreported and misreported",,104980.09,,,,
2016,France,27.7.d,Landings,Imported_Data,Quarter,2,OTM,"All - reported, nonreported and misreported",,29764.2,,,,
2016,France,27.7.d,Landings,Imported_Data,Quarter,3,OTM,"All - reported, nonreported and misreported",,39089.06,,,,
2016,France,27.7.d,Landings,Imported_Data,Quarter,4,OTM,"All - reported, nonreported and misreported",,178581.59,,,,
2016,France,27.7.d,Landings,Imported_Data,Quarter,2,PTB,"All - reported, nonreported and misreported",,13435.06,,,,
2016,France,27.7.d,Landings,Imported_Data,Quarter,3,PTB,"All - reported, nonreported and misreported",,40099.08,,,,
2016,France,27.7.d,Landings,Imported_Data,Quarter,4,PTB,"All - reported, nonreported and misreported",,3782.21,,,,
2016,France,27.7.d,Landings,Imported_Data,Quarter,2,PTM,"All - reported, nonreported and misreported",,143603.5,,,,
2016,France,27.7.d,Landings,Imported_Data,Quarter,3,PTM,"All - reported, nonreported and misreported",,265274.19,,,,
2016,France,27.7.d,Landings,Imported_Data,Quarter,4,PTM,"All - reported, nonreported and misreported",,8079.85,,,,
2016,France,27.7.d,Landings,Imported_Data,Quarter,2,SDN,"All - reported, nonreported and misreported",,40,,,,
2016,France,27.7.d,Landings,Imported_Data,Quarter,3,SDN,"All - reported, nonreported and misreported",,825.34,,,,
2016,France,27.7.d,Landings,Imported_Data,Quarter,4,SDN,"All - reported, nonreported and misreported",,17.39,,,,
2016,France,27.7.d,Landings,Imported_Data,Quarter,2,SPR,"All - reported, nonreported and misreported",,920,,,,
2016,France,27.7.d,Landings,Imported_Data,Quarter,1,SSC,"All - reported, nonreported and misreported",,18.98,,,,
2016,France,27.7.d,Landings,Imported_Data,Quarter,2,SSC,"All - reported, nonreported and misreported",,70.96,,,,
2016,France,27.7.d,Landings,Imported_Data,Quarter,3,TBS,"All - reported, nonreported and misreported",,1464.33,,,,
2016,France,27.7.d,Landings,Imported_Data,Quarter,4,TBS,"All - reported, nonreported and misreported",,26,,,,
2016,France,27.7.e,Landings,Imported_Data,Quarter,1,DRB,"All - reported, nonreported and misreported",,42.42,,,,
2016,France,27.7.e,Landings,Imported_Data,Quarter,2,DRB,"All - reported, nonreported and misreported",,458.51,,,,
2016,France,27.7.e,Landings,Imported_Data,Quarter,3,DRB,"All - reported, nonreported and misreported",,2.7,,,,
2016,France,27.7.e,Landings,Imported_Data,Quarter,4,DRB,"All - reported, nonreported and misreported",,6.45,,,,
2016,France,27.7.e,Landings,Imported_Data,Quarter,2,FPO,"All - reported, nonreported and misreported",,22.05,,,,
2016,France,27.7.e,Landings,Imported_Data,Quarter,1,GNS,"All - reported, nonreported and misreported",,3.74,,,,
2016,France,27.7.e,Landings,Imported_Data,Quarter,3,GTR,"All - reported, nonreported and misreported",,4.32,,,,
2016,France,27.7.e,Landings,Imported_Data,Quarter,1,OTB,"All - reported, nonreported and misreported",,804.21,,,,
2016,France,27.7.e,Landings,Imported_Data,Quarter,2,OTB,"All - reported, nonreported and misreported",,1349.18,,,,
2016,France,27.7.e,Landings,Imported_Data,Quarter,3,OTB,"All - reported, nonreported and misreported",,453.55,,,,
2016,France,27.7.e,Landings,Imported_Data,Quarter,4,OTB,"All - reported, nonreported and misreported",,369.78,,,,
2016,France,27.7.e,Landings,Imported_Data,Quarter,2,OTM,"All - reported, nonreported and misreported",,98.59,,,,
2016,France,27.7.e,Landings,Imported_Data,Quarter,3,OTM,"All - reported, nonreported and misreported",,113.1,,,,
2016,France,27.7.e,Landings,Imported_Data,Quarter,4,OTM,"All - reported, nonreported and misreported",,12.06,,,,
2016,France,27.7.e,Landings,Imported_Data,Quarter,2,OTT,"All - reported, nonreported and misreported",,99.28,,,,
2016,France,27.7.e,Landings,Imported_Data,Quarter,3,OTT,"All - reported, nonreported and misreported",,4.89,,,,
2016,France,27.7.e,Landings,Imported_Data,Quarter,2,PTM,"All - reported, nonreported and misreported",,130,,,,
2017,France,27.7.d,Landings,Imported_Data,Quarter,1,DRB,"All - reported, nonreported and misreported",,3021,,,,
2017,France,27.7.d,Landings,Imported_Data,Quarter,3,DRB,"All - reported, nonreported and misreported",,4.25,,,,
2017,France,27.7.d,Landings,Imported_Data,Quarter,4,DRB,"All - reported, nonreported and misreported",,102.7,,,,
2017,France,27.7.d,Landings,Imported_Data,Quarter,1,OTB,"All - reported, nonreported and misreported",,3718.57,,,,
2017,France,27.7.d,Landings,Imported_Data,Quarter,2,OTB,"All - reported, nonreported and misreported",,8136.37,,,,
2017,France,27.7.d,Landings,Imported_Data,Quarter,3,OTB,"All - reported, nonreported and misreported",,53588.63,,,,
2017,France,27.7.d,Landings,Imported_Data,Quarter,4,OTB,"All - reported, nonreported and misreported",,35415.66,,,,
2017,France,27.7.d,Landings,Imported_Data,Quarter,1,OTM,"All - reported, nonreported and misreported",,1086.63,,,,
2017,France,27.7.d,Landings,Imported_Data,Quarter,2,OTM,"All - reported, nonreported and misreported",,30359.02,,,,
2017,France,27.7.d,Landings,Imported_Data,Quarter,3,OTM,"All - reported, nonreported and misreported",,11895.11,,,,
2017,France,27.7.d,Landings,Imported_Data,Quarter,4,OTM,"All - reported, nonreported and misreported",,27809.2,,,,
2017,France,27.7.d,Landings,Imported_Data,Quarter,2,PTB,"All - reported, nonreported and misreported",,4525,,,,
2017,France,27.7.d,Landings,Imported_Data,Quarter,3,PTB,"All - reported, nonreported and misreported",,89156.01,,,,
2017,France,27.7.d,Landings,Imported_Data,Quarter,2,PTM,"All - reported, nonreported and misreported",,268759.69,,,,
2017,France,27.7.d,Landings,Imported_Data,Quarter,3,PTM,"All - reported, nonreported and misreported",,272876.15,,,,
2017,France,27.7.d,Landings,Imported_Data,Quarter,1,SDN,"All - reported, nonreported and misreported",,393.88,,,,
2017,France,27.7.d,Landings,Imported_Data,Quarter,2,SDN,"All - reported, nonreported and misreported",,1605.86,,,,
2017,France,27.7.d,Landings,Imported_Data,Quarter,3,SDN,"All - reported, nonreported and misreported",,2494.8,,,,
2017,France,27.7.d,Landings,Imported_Data,Quarter,4,SDN,"All - reported, nonreported and misreported",,128.49,,,,
2017,France,27.7.d,Landings,Imported_Data,Quarter,3,SDV,"All - reported, nonreported and misreported",,10.72,,,,
2017,France,27.7.d,Landings,Imported_Data,Quarter,2,SPR,"All - reported, nonreported and misreported",,320,,,,
2017,France,27.7.d,Landings,Imported_Data,Quarter,2,SSC,"All - reported, nonreported and misreported",,22.75,,,,
2017,France,27.7.d,Landings,Imported_Data,Quarter,3,SSC,"All - reported, nonreported and misreported",,58.98,,,,
2017,France,27.7.d,Landings,Imported_Data,Quarter,3,TBB,"All - reported, nonreported and misreported",,16.64,,,,
2017,France,27.7.d,Landings,Imported_Data,Quarter,4,TBB,"All - reported, nonreported and misreported",,22.36,,,,
2017,France,27.7.d,Landings,Imported_Data,Quarter,2,TBS,"All - reported, nonreported and misreported",,54,,,,
2017,France,27.7.d,Landings,Imported_Data,Quarter,3,TBS,"All - reported, nonreported and misreported",,587.47,,,,
2017,France,27.7.d,Landings,Imported_Data,Quarter,4,TBS,"All - reported, nonreported and misreported",,827.16,,,,
2017,France,27.7.e,Landings,Imported_Data,Quarter,1,DRB,"All - reported, nonreported and misreported",,27.58,,,,
2017,France,27.7.e,Landings,Imported_Data,Quarter,2,DRB,"All - reported, nonreported and misreported",,34.86,,,,
2017,France,27.7.e,Landings,Imported_Data,Quarter,3,DRB,"All - reported, nonreported and misreported",,15.91,,,,
2017,France,27.7.e,Landings,Imported_Data,Quarter,4,DRB,"All - reported, nonreported and misreported",,110.97,,,,
2017,France,27.7.e,Landings,Imported_Data,Quarter,3,FPO,"All - reported, nonreported and misreported",,12.48,,,,
2017,France,27.7.e,Landings,Imported_Data,Quarter,1,OTB,"All - reported, nonreported and misreported",,520.44,,,,
2017,France,27.7.e,Landings,Imported_Data,Quarter,2,OTB,"All - reported, nonreported and misreported",,936.6,,,,
2017,France,27.7.e,Landings,Imported_Data,Quarter,3,OTB,"All - reported, nonreported and misreported",,533.24,,,,
2017,France,27.7.e,Landings,Imported_Data,Quarter,4,OTB,"All - reported, nonreported and misreported",,524.66,,,,
2017,France,27.7.e,Landings,Imported_Data,Quarter,3,OTM,"All - reported, nonreported and misreported",,340.65,,,,
2017,France,27.7.e,Landings,Imported_Data,Quarter,2,OTT,"All - reported, nonreported and misreported",,13.52,,,,
2018,France,27.7.d,Landings,Imported_Data,Quarter,1,DRB,"All - reported, nonreported and misreported",,131.04,,,,
2018,France,27.7.d,Landings,Imported_Data,Quarter,2,DRB,"All - reported, nonreported and misreported",,17.75,,,,
2018,France,27.7.d,Landings,Imported_Data,Quarter,3,DRB,"All - reported, nonreported and misreported",,218.39,,,,
2018,France,27.7.d,Landings,Imported_Data,Quarter,4,DRB,"All - reported, nonreported and misreported",,88.39,,,,
2018,France,27.7.d,Landings,Imported_Data,Quarter,2,GNS,"All - reported, nonreported and misreported",,25,,,,
2018,France,27.7.d,Landings,Imported_Data,Quarter,1,GTR,"All - reported, nonreported and misreported",,1.04,,,,
2018,France,27.7.d,Landings,Imported_Data,Quarter,2,GTR,"All - reported, nonreported and misreported",,42.68,,,,
2018,France,27.7.d,Landings,Imported_Data,Quarter,3,OT,"All - reported, nonreported and misreported",,46,,,,
2018,France,27.7.d,Landings,Imported_Data,Quarter,4,OT,"All - reported, nonreported and misreported",,31.2,,,,
2018,France,27.7.d,Landings,Imported_Data,Quarter,1,OTB,"All - reported, nonreported and misreported",,1941.17,,,,
2018,France,27.7.d,Landings,Imported_Data,Quarter,2,OTB,"All - reported, nonreported and misreported",,8754.36,,,,
2018,France,27.7.d,Landings,Imported_Data,Quarter,3,OTB,"All - reported, nonreported and misreported",,40177.64,,,,
2018,France,27.7.d,Landings,Imported_Data,Quarter,4,OTB,"All - reported, nonreported and misreported",,30522.92,,,,
2018,France,27.7.d,Landings,Imported_Data,Quarter,1,OTM,"All - reported, nonreported and misreported",,2712.31,,,,
2018,France,27.7.d,Landings,Imported_Data,Quarter,2,OTM,"All - reported, nonreported and misreported",,105163.25,,,,
2018,France,27.7.d,Landings,Imported_Data,Quarter,3,OTM,"All - reported, nonreported and misreported",,32977.65,,,,
2018,France,27.7.d,Landings,Imported_Data,Quarter,4,OTM,"All - reported, nonreported and misreported",,27484.68,,,,
2018,France,27.7.d,Landings,Imported_Data,Quarter,2,PTB,"All - reported, nonreported and misreported",,15680.96,,,,
2018,France,27.7.d,Landings,Imported_Data,Quarter,3,PTB,"All - reported, nonreported and misreported",,79235.43,,,,
2018,France,27.7.d,Landings,Imported_Data,Quarter,2,PTM,"All - reported, nonreported and misreported",,119022.88,,,,
2018,France,27.7.d,Landings,Imported_Data,Quarter,3,PTM,"All - reported, nonreported and misreported",,122733.35,,,,
2018,France,27.7.d,Landings,Imported_Data,Quarter,1,SDN,"All - reported, nonreported and misreported",,301.03,,,,
2018,France,27.7.d,Landings,Imported_Data,Quarter,2,SDN,"All - reported, nonreported and misreported",,1559.84,,,,
2018,France,27.7.d,Landings,Imported_Data,Quarter,3,SDN,"All - reported, nonreported and misreported",,4130.99,,,,
2018,France,27.7.d,Landings,Imported_Data,Quarter,4,SDN,"All - reported, nonreported and misreported",,1082.32,,,,
2018,France,27.7.d,Landings,Imported_Data,Quarter,1,SSC,"All - reported, nonreported and misreported",,483.63,,,,
2018,France,27.7.d,Landings,Imported_Data,Quarter,2,SSC,"All - reported, nonreported and misreported",,662.71,,,,
2018,France,27.7.d,Landings,Imported_Data,Quarter,3,SSC,"All - reported, nonreported and misreported",,778.39,,,,
2018,France,27.7.d,Landings,Imported_Data,Quarter,4,SSC,"All - reported, nonreported and misreported",,1033.52,,,,
2018,France,27.7.d,Landings,Imported_Data,Quarter,1,SX,"All - reported, nonreported and misreported",,174.72,,,,
2018,France,27.7.d,Landings,Imported_Data,Quarter,2,SX,"All - reported, nonreported and misreported",,238.17,,,,
2018,France,27.7.d,Landings,Imported_Data,Quarter,3,SX,"All - reported, nonreported and misreported",,134.9,,,,
2018,France,27.7.d,Landings,Imported_Data,Quarter,4,SX,"All - reported, nonreported and misreported",,218.33,,,,
2018,France,27.7.d,Landings,Imported_Data,Quarter,2,TBB,"All - reported, nonreported and misreported",,136.89,,,,
2018,France,27.7.d,Landings,Imported_Data,Quarter,2,TBS,"All - reported, nonreported and misreported",,25.47,,,,
2018,France,27.7.d,Landings,Imported_Data,Quarter,3,TBS,"All - reported, nonreported and misreported",,1752.4,,,,
2018,France,27.7.e,Landings,Imported_Data,Quarter,1,DRB,"All - reported, nonreported and misreported",,64.37,,,,
2018,France,27.7.e,Landings,Imported_Data,Quarter,2,DRB,"All - reported, nonreported and misreported",,108.34,,,,
2018,France,27.7.e,Landings,Imported_Data,Quarter,3,DRB,"All - reported, nonreported and misreported",,4.47,,,,
2018,France,27.7.e,Landings,Imported_Data,Quarter,4,DRB,"All - reported, nonreported and misreported",,280.7,,,,
2018,France,27.7.e,Landings,Imported_Data,Quarter,1,OTB,"All - reported, nonreported and misreported",,513.71,,,,
2018,France,27.7.e,Landings,Imported_Data,Quarter,2,OTB,"All - reported, nonreported and misreported",,1412.73,,,,
2018,France,27.7.e,Landings,Imported_Data,Quarter,3,OTB,"All - reported, nonreported and misreported",,1283.6,,,,
2018,France,27.7.e,Landings,Imported_Data,Quarter,4,OTB,"All - reported, nonreported and misreported",,1545.94,,,,
2018,France,27.7.e,Landings,Imported_Data,Quarter,3,OTM,"All - reported, nonreported and misreported",,300,,,,
2018,France,27.7.e,Landings,Imported_Data,Quarter,2,OTT,"All - reported, nonreported and misreported",,112.63,,,,
2018,France,27.7.e,Landings,Imported_Data,Quarter,3,OTT,"All - reported, nonreported and misreported",,20.8,,,,
2018,France,27.7.e,Landings,Imported_Data,Quarter,3,PTM,"All - reported, nonreported and misreported",,131.04,,,,
2018,France,27.7.e,Landings,Imported_Data,Quarter,3,SDN,"All - reported, nonreported and misreported",,108,,,,
2018,France,27.7.e,Landings,Imported_Data,Quarter,3,SX,"All - reported, nonreported and misreported",,5.43,,,,
2019,France,27.7.d,Landings,Imported_Data,Quarter,4,DRB,"All - reported, nonreported and misreported",,15.6,,,,
2019,France,27.7.d,Landings,Imported_Data,Quarter,1,GTR,"All - reported, nonreported and misreported",,59.16,,,,
2019,France,27.7.d,Landings,Imported_Data,Quarter,4,OT,"All - reported, nonreported and misreported",,182,,,,
2019,France,27.7.d,Landings,Imported_Data,Quarter,1,OTB,"All - reported, nonreported and misreported",,1472.68,,,,
2019,France,27.7.d,Landings,Imported_Data,Quarter,2,OTB,"All - reported, nonreported and misreported",,23696.05,,,,
2019,France,27.7.d,Landings,Imported_Data,Quarter,3,OTB,"All - reported, nonreported and misreported",,48797.31,,,,
2019,France,27.7.d,Landings,Imported_Data,Quarter,4,OTB,"All - reported, nonreported and misreported",,39705.86,,,,
2019,France,27.7.d,Landings,Imported_Data,Quarter,1,OTM,"All - reported, nonreported and misreported",,302.28,,,,
2019,France,27.7.d,Landings,Imported_Data,Quarter,2,OTM,"All - reported, nonreported and misreported",,134055.54,,,,
2019,France,27.7.d,Landings,Imported_Data,Quarter,3,OTM,"All - reported, nonreported and misreported",,64791.7,,,,
2019,France,27.7.d,Landings,Imported_Data,Quarter,4,OTM,"All - reported, nonreported and misreported",,68067.3,,,,
2019,France,27.7.d,Landings,Imported_Data,Quarter,2,PTB,"All - reported, nonreported and misreported",,24326.41,,,,
2019,France,27.7.d,Landings,Imported_Data,Quarter,3,PTB,"All - reported, nonreported and misreported",,52652.01,,,,
2019,France,27.7.d,Landings,Imported_Data,Quarter,2,PTM,"All - reported, nonreported and misreported",,101398.77,,,,
2019,France,27.7.d,Landings,Imported_Data,Quarter,3,PTM,"All - reported, nonreported and misreported",,68315.64,,,,
2019,France,27.7.d,Landings,Imported_Data,Quarter,1,SDN,"All - reported, nonreported and misreported",,11,,,,
2019,France,27.7.d,Landings,Imported_Data,Quarter,2,SDN,"All - reported, nonreported and misreported",,2905.97,,,,
2019,France,27.7.d,Landings,Imported_Data,Quarter,3,SDN,"All - reported, nonreported and misreported",,8845.28,,,,
2019,France,27.7.d,Landings,Imported_Data,Quarter,4,SDN,"All - reported, nonreported and misreported",,6849.39,,,,
2019,France,27.7.d,Landings,Imported_Data,Quarter,2,SPR,"All - reported, nonreported and misreported",,1144.56,,,,
2019,France,27.7.d,Landings,Imported_Data,Quarter,3,SPR,"All - reported, nonreported and misreported",,1364.89,,,,
2019,France,27.7.d,Landings,Imported_Data,Quarter,1,SSC,"All - reported, nonreported and misreported",,75.3,,,,
2019,France,27.7.d,Landings,Imported_Data,Quarter,2,SSC,"All - reported, nonreported and misreported",,1112.65,,,,
2019,France,27.7.d,Landings,Imported_Data,Quarter,3,SSC,"All - reported, nonreported and misreported",,5331.24,,,,
2019,France,27.7.d,Landings,Imported_Data,Quarter,4,SSC,"All - reported, nonreported and misreported",,423.06,,,,
2019,France,27.7.d,Landings,Imported_Data,Quarter,1,SX,"All - reported, nonreported and misreported",,260,,,,
2019,France,27.7.d,Landings,Imported_Data,Quarter,2,SX,"All - reported, nonreported and misreported",,853.84,,,,
2019,France,27.7.d,Landings,Imported_Data,Quarter,3,SX,"All - reported, nonreported and misreported",,144.93,,,,
2019,France,27.7.d,Landings,Imported_Data,Quarter,4,SX,"All - reported, nonreported and misreported",,135.2,,,,
2019,France,27.7.d,Landings,Imported_Data,Quarter,4,TB,"All - reported, nonreported and misreported",,4992,,,,
2019,France,27.7.e,Landings,Imported_Data,Quarter,1,DRB,"All - reported, nonreported and misreported",,238.91,,,,
2019,France,27.7.e,Landings,Imported_Data,Quarter,2,DRB,"All - reported, nonreported and misreported",,16.69,,,,
2019,France,27.7.e,Landings,Imported_Data,Quarter,3,DRB,"All - reported, nonreported and misreported",,19.88,,,,
2019,France,27.7.e,Landings,Imported_Data,Quarter,4,DRB,"All - reported, nonreported and misreported",,460.24,,,,
2019,France,27.7.e,Landings,Imported_Data,Quarter,3,FPO,"All - reported, nonreported and misreported",,0.62,,,,
2019,France,27.7.e,Landings,Imported_Data,Quarter,3,GNS,"All - reported, nonreported and misreported",,0.42,,,,
2019,France,27.7.e,Landings,Imported_Data,Quarter,4,GNS,"All - reported, nonreported and misreported",,0.73,,,,
2019,France,27.7.e,Landings,Imported_Data,Quarter,1,OTB,"All - reported, nonreported and misreported",,462.28,,,,
2019,France,27.7.e,Landings,Imported_Data,Quarter,2,OTB,"All - reported, nonreported and misreported",,1171.79,,,,
2019,France,27.7.e,Landings,Imported_Data,Quarter,3,OTB,"All - reported, nonreported and misreported",,3456.32,,,,
2019,France,27.7.e,Landings,Imported_Data,Quarter,4,OTB,"All - reported, nonreported and misreported",,1053.35,,,,
2019,France,27.7.e,Landings,Imported_Data,Quarter,3,OTM,"All - reported, nonreported and misreported",,1225.97,,,,
2019,France,27.7.e,Landings,Imported_Data,Quarter,4,OTM,"All - reported, nonreported and misreported",,719.65,,,,
2019,France,27.7.e,Landings,Imported_Data,Quarter,2,OTT,"All - reported, nonreported and misreported",,72.02,,,,
2019,France,27.7.e,Landings,Imported_Data,Quarter,3,OTT,"All - reported, nonreported and misreported",,77.58,,,,
2019,France,27.7.e,Landings,Imported_Data,Quarter,3,PTB,"All - reported, nonreported and misreported",,31.3,,,,
